Home,Away
NVSC 1999 U19 Female CCL,SYA 1999 U19 Female CCL
FC Richmond 1999 U19 Female CCL,LMVSC 1999 U19 Female CCL
Beach FC 1999 U19 Female CCL,Fredericksburg FC 1999 U19 Female CCL
Loudoun 2000 U18 Male CCL,Roanoke Star 2000 U18 Male CCL
FC Richmond 2000 U18 Male CCL,LMVSC 2000 U18 Male CCL
Loudoun 2000 U18 Female CCL,Roanoke Star 2000 U18 Female CCL
Beach FC 2002 U16 Male CCL,Fredericksburg FC 2002 U16 Male CCL
Virginia Legacy 2003 U15 Male CCL,SOCA 2003 U15 Male CCL
Virginia Legacy 2003 U15 Female CCL,SOCA 2003 U15 Female CCL
Virginia Legacy 2004 U14 Male CCL,SOCA 2004 U14 Male CCL
Virginia Legacy 2004 U14 Female CCL,SOCA 2004 U14 Female CCL
Virginia Legacy 2005 U13 Male CCL,SOCA 2005 U13 Male CCL
Virginia Legacy 2005 U13 Female CCL,SOCA 2005 U13 Female CCL
Virginia Legacy 2006 U12 Male CCL,SOCA 2006 U12 Male CCL
Virginia Legacy 2006 U12 Female CCL,SOCA 2006 U12 Female CCL
Virginia Legacy 2007 U11 Male CCL,SOCA 2007 U11 Male CCL
Virginia Legacy 2007 U11 Female CCL,SOCA 2007 U11 Female CCL
SYA 1999 U19 Female CCL,Arlington 1999 U19 Female CCL
McLean 1999 U19 Female CCL,FC Richmond 1999 U19 Female CCL
McLean 2000 U18 Male CCL,FC Richmond 2000 U18 Male CCL
Arlington 2000 U18 Female CCL,McLean 2000 U18 Female CCL
LMVSC 2008 U10 Male CCL,Ellicott City 2008 U10 Male CCL
LMVSC 2008 U10 Male CCL,Fredericksburg FC 2008 U10 Male CCL
LMVSC 2008 U10 Male CCL,FCSC United 2008 U10 Male CCL
LMVSC 2008 U10 Female CCL,Ellicott City 2008 U10 Female CCL
LMVSC 2008 U10 Female CCL,Fredericksburg FC 2008 U10 Female CCL
LMVSC 2008 U10 Female CCL,FCSC United 2008 U10 Female CCL
LMVSC 2009 U09 Male CCL,Ellicott City 2009 U09 Male CCL
LMVSC 2009 U09 Male CCL,FCSC United 2009 U09 Male CCL
LMVSC 2009 U09 Female CCL,Ellicott City 2009 U09 Female CCL
LMVSC 2009 U09 Female CCL,FCSC United 2009 U09 Female CCL
McLean 2009 U09 Female CCL,SYC 2009 U09 Female CCL
Fredericksburg FC 1999 U19 Female CCL,Virginia Legacy 1999 U19 Female CCL
NVSC 1999 U19 Female CCL,Potomac 1999 U19 Female CCL
SOCA 1999 U19 Female CCL,SYA 1999 U19 Female CCL
Beach FC 1999 U19 Female CCL,Virginia Legacy 1999 U19 Female CCL
FC Richmond 1999 U19 Female CCL,Beach FC 1999 U19 Female CCL
McLean 2000 U18 Male CCL,Roanoke Star 2000 U18 Male CCL
FC Richmond 2000 U18 Male CCL,Beach FC 2000 U18 Male CCL
McLean 2000 U18 Female CCL,Roanoke Star 2000 U18 Female CCL
Fredericksburg FC 2002 U16 Male CCL,Virginia Legacy 2002 U16 Male CCL
Ellicott City 2004 U14 Female CCL,LMVSC 2004 U14 Female CCL
Ellicott City 2007 U11 Female CCL,LMVSC 2007 U11 Female CCL
FCSC United 2008 U10 Male CCL,SYC 2008 U10 Male CCL
FCSC United 2008 U10 Male CCL,Fredericksburg FC 2008 U10 Male CCL
LMVSC 2008 U10 Male CCL,NVSC 2008 U10 Male CCL
FCSC United 2008 U10 Female CCL,SYC 2008 U10 Female CCL
FCSC United 2008 U10 Female CCL,Fredericksburg FC 2008 U10 Female CCL
LMVSC 2008 U10 Female CCL,NVSC 2008 U10 Female CCL
FCSC United 2009 U09 Male CCL,SYC 2009 U09 Male CCL
LMVSC 2009 U09 Male CCL,NVSC 2009 U09 Male CCL
FCSC United 2009 U09 Female CCL,SYC 2009 U09 Female CCL
LMVSC 2009 U09 Female CCL,NVSC 2009 U09 Female CCL
SYA 1999 U19 Female CCL,Beach FC 1999 U19 Female CCL
SOCA 1999 U19 Female CCL,FC Richmond 1999 U19 Female CCL
Roanoke Star 2000 U18 Male CCL,Fredericksburg FC 2000 U18 Male CCL
SOCA 2000 U18 Male CCL,FC Richmond 2000 U18 Male CCL
Arlington 2004 U14 Female CCL,Ellicott City 2004 U14 Female CCL
Arlington 2007 U11 Female CCL,Ellicott City 2007 U11 Female CCL
FCSC United 2009 U09 Male CCL,NVSC 2009 U09 Male CCL
FCSC United 2009 U09 Female CCL,NVSC 2009 U09 Female CCL
Fredericksburg FC 1999 U19 Female CCL,McLean 1999 U19 Female CCL
Roanoke Star 2000 U18 Male CCL,NVSC 2000 U18 Male CCL
Roanoke Star 2000 U18 Female CCL,NVSC 2000 U18 Female CCL
Fredericksburg FC 2002 U16 Male CCL,McLean 2002 U16 Male CCL
Ellicott City 2004 U14 Female CCL,FC Richmond 2004 U14 Female CCL
Ellicott City 2007 U11 Female CCL,FC Richmond 2007 U11 Female CCL
Ellicott City 2009 U09 Female CCL,NVSC 2009 U09 Female CCL
FC Frederick 2003 U15 Female CCL,SYC 2003 U15 Female CCL
Fredericksburg FC 2008 U10 Male CCL,LMVSC 2008 U10 Male CCL
Potomac 1999 U19 Female CCL,Arlington 1999 U19 Female CCL
Fredericksburg FC 1999 U19 Female CCL,NVSC 1999 U19 Female CCL
FC Richmond 1999 U19 Female CCL,Virginia Legacy 1999 U19 Female CCL
SYA 1999 U19 Female CCL,Roanoke Star 1999 U19 Female CCL
FC Richmond 2000 U18 Male CCL,Virginia Legacy 2000 U18 Male CCL
SYA 2000 U18 Male CCL,Roanoke Star 2000 U18 Male CCL
Fredericksburg FC 2002 U16 Male CCL,NVSC 2002 U16 Male CCL
Beach FC 2004 U14 Female CCL,Ellicott City 2004 U14 Female CCL
Beach FC 2007 U11 Female CCL,Ellicott City 2007 U11 Female CCL
DC Stoddert 2008 U10 Female CCL,Potomac 2008 U10 Female CCL
SYC 2009 U09 Male CCL,McLean 2009 U09 Male CCL
DC Stoddert 2009 U09 Male CCL,Potomac 2009 U09 Male CCL
SOCA 1999 U19 Female CCL,Fredericksburg FC 1999 U19 Female CCL
Virginia Legacy 1999 U19 Female CCL,SYA 1999 U19 Female CCL
Potomac 1999 U19 Female CCL,LMVSC 1999 U19 Female CCL
Roanoke Star 2000 U18 Male CCL,FC Richmond 2000 U18 Male CCL
Roanoke Star 2000 U18 Female CCL,FC Richmond 2000 U18 Female CCL
SOCA 2002 U16 Male CCL,Fredericksburg FC 2002 U16 Male CCL
NVSC 2004 U14 Female CCL,Ellicott City 2004 U14 Female CCL
NVSC 2007 U11 Female CCL,Ellicott City 2007 U11 Female CCL
SYC 2008 U10 Male CCL,FCSC United 2008 U10 Male CCL
SYC 2008 U10 Female CCL,FCSC United 2008 U10 Female CCL
SYC 2009 U09 Male CCL,FCSC United 2009 U09 Male CCL
SYC 2009 U09 Female CCL,FCSC United 2009 U09 Female CCL
DC Stoddert 1999 U19 Female CCL,FC Richmond 1999 U19 Female CCL
Arlington 2000 U18 Male CCL,Roanoke Star 2000 U18 Male CCL
DC Stoddert 2000 U18 Male CCL,FC Richmond 2000 U18 Male CCL
Arlington 2000 U18 Female CCL,Roanoke Star 2000 U18 Female CCL
DC Stoddert 2000 U18 Female CCL,FC Richmond 2000 U18 Female CCL
Fredericksburg FC 2004 U14 Female CCL,Ellicott City 2004 U14 Female CCL
Fredericksburg FC 2007 U11 Female CCL,Ellicott City 2007 U11 Female CCL
Ellicott City 2008 U10 Male CCL,Fredericksburg FC 2008 U10 Male CCL
Ellicott City 2008 U10 Female CCL,Fredericksburg FC 2008 U10 Female CCL
Ellicott City 2009 U09 Female CCL,Arlington 2009 U09 Female CCL
SYA 2009 U09 Female CCL,DC Stoddert 2009 U09 Female CCL
Ellicott City 2004 U14 Female CCL,Loudoun 2004 U14 Female CCL
Ellicott City 2007 U11 Female CCL,Loudoun 2007 U11 Female CCL
FCSC United 2009 U09 Male CCL,Loudoun 2009 U09 Male CCL
FCSC United 2009 U09 Female CCL,Loudoun 2009 U09 Female CCL
LMVSC 1999 U19 Female CCL,SYA 1999 U19 Female CCL
FC Richmond 1999 U19 Female CCL,Fredericksburg FC 1999 U19 Female CCL
Roanoke Star 2000 U18 Male CCL,SOCA 2000 U18 Male CCL
FC Richmond 2000 U18 Male CCL,Fredericksburg FC 2000 U18 Male CCL
Roanoke Star 2000 U18 Female CCL,SOCA 2000 U18 Female CCL
FC Richmond 2000 U18 Female CCL,Fredericksburg FC 2000 U18 Female CCL
FC Richmond 2002 U16 Male CCL,Fredericksburg FC 2002 U16 Male CCL
Ellicott City 2004 U14 Female CCL,Potomac 2004 U14 Female CCL
Ellicott City 2007 U11 Female CCL,Potomac 2007 U11 Female CCL
Ellicott City 2009 U09 Female CCL,NVSC 2009 U09 Female CCL
Virginia Legacy 2000 U18 Female CCL,SOCA 2000 U18 Female CCL
Potomac 1999 U19 Female CCL,FC Richmond 1999 U19 Female CCL
Loudoun 1999 U19 Female CCL,SYA 1999 U19 Female CCL
Fredericksburg FC 1999 U19 Female CCL,Loudoun 1999 U19 Female CCL
NVSC 1999 U19 Female CCL,FC Richmond 1999 U19 Female CCL
Ellicott City 2000 U18 Female CCL,Roanoke Star 2000 U18 Female CCL
Potomac 1999 U19 Male CCL,SYA 1999 U19 Male CCL
McLean 1999 U19 Female CCL,Loudoun 1999 U19 Female CCL
Potomac 1999 U19 Female CCL,SYA 1999 U19 Female CCL
LMVSC 2000 U18 Male CCL,Roanoke Star 2000 U18 Male CCL
LMVSC 2000 U18 Female CCL,Roanoke Star 2000 U18 Female CCL
McLean 2001 U17 Female CCL,Loudoun 2001 U17 Female CCL
McLean 2002 U16 Male CCL,Loudoun 2002 U16 Male CCL
McLean 2002 U16 Female CCL,Loudoun 2002 U16 Female CCL
McLean 1999 U19 Female CCL,Potomac 1999 U19 Female CCL
LMVSC 1999 U19 Female CCL,Fredericksburg FC 1999 U19 Female CCL
Roanoke Star 2000 U18 Male CCL,FC Frederick 2000 U18 Male CCL
DC Stoddert 2000 U18 Male CCL,McLean 2000 U18 Male CCL
Ellicott City 2000 U18 Male CCL,Roanoke Star 2000 U18 Male CCL
NVSC 2000 U18 Male CCL,FC Richmond 2000 U18 Male CCL
Potomac 2000 U18 Female CCL,FC Richmond 2000 U18 Female CCL
Ellicott City 2000 U18 Female CCL,FC Richmond 2000 U18 Female CCL
Roanoke Star 2000 U18 Male CCL,FC Frederick 2000 U18 Male CCL
DC Stoddert 2001 U17 Male CCL,McLean 2001 U17 Male CCL
Loudoun 2002 U16 Male CCL,SYA 2002 U16 Male CCL
Fredericksburg FC 2002 U16 Male CCL,Loudoun 2002 U16 Male CCL
Loudoun 2002 U16 Male CCL,LMVSC 2002 U16 Male CCL
DC Stoddert 2002 U16 Male CCL,Fredericksburg FC 2002 U16 Male CCL
Virginia Legacy 2002 U16 Male CCL,Arlington 2002 U16 Male CCL
LMVSC 2002 U16 Male CCL,Fredericksburg FC 2002 U16 Male CCL
Fredericksburg FC 2002 U16 Male CCL,Loudoun 2002 U16 Male CCL
McLean 1999 U19 Female CCL,SYA 1999 U19 Female CCL
McLean 2000 U18 Male CCL,SYA 2000 U18 Male CCL
Roanoke Star 2000 U18 Female CCL,Potomac 2000 U18 Female CCL
Roanoke Star 2000 U18 Male CCL,Potomac 2000 U18 Male CCL
Virginia Legacy 2001 U17 Male CCL,Arlington 2001 U17 Male CCL
DC Stoddert 2002 U16 Male CCL,Fredericksburg FC 2002 U16 Male CCL
Fredericksburg FC 1999 U19 Female CCL,Ellicott City 1999 U19 Female CCL
Fredericksburg FC 2002 U16 Male CCL,Ellicott City 2002 U16 Male CCL
Fredericksburg FC 2003 U15 Male CCL II,LMVSC 2003 U15 Male CCL II
FCSC United 2005 U13 Female CCL II,SYA 2005 U13 Female CCL II
Fredericksburg FC 2007 U11 Male CCL II,LMVSC 2007 U11 Male CCL II
Fredericksburg FC 2007 U11 Female CCL II,LMVSC 2007 U11 Female CCL II
Potomac 2002 U16 Female CCL II,LMVSC 2002 U16 Female CCL II
SYC 2002 U16 Female CCL II,NVSC 2002 U16 Female CCL II
Fredericksburg FC 2003 U15 Male CCL II,FCSC United 2003 U15 Male CCL II
FC Frederick 2003 U15 Female CCL II,Ellicott City 2003 U15 Female CCL II
NVSC 2003 U15 Female CCL II,LMVSC 2003 U15 Female CCL II
SYC 2004 U14 Female CCL II,McLean 2004 U14 Female CCL II
Fredericksburg FC 2005 U13 Female CCL II,FCSC United 2005 U13 Female CCL II
Fredericksburg FC 2007 U11 Male CCL II,FCSC United 2007 U11 Male CCL II
Fredericksburg FC 2007 U11 Female CCL II,FCSC United 2007 U11 Female CCL II
Ellicott City 2002 U16 Female CCL II,Loudoun 2002 U16 Female CCL II
SYC 2002 U16 Female CCL II,LMVSC 2002 U16 Female CCL II
Ellicott City 2003 U15 Male CCL II,Fredericksburg FC 2003 U15 Male CCL II
Ellicott City 2003 U15 Female CCL II,Fredericksburg FC 2003 U15 Female CCL II
SYA 2004 U14 Female CCL II,FC Frederick 2004 U14 Female CCL II
McLean 2004 U14 Female CCL II,Loudoun 2004 U14 Female CCL II
FCSC United 2005 U13 Female CCL II,NVSC 2005 U13 Female CCL II
Ellicott City 2007 U11 Male CCL II,Fredericksburg FC 2007 U11 Male CCL II
Ellicott City 2007 U11 Female CCL II,Fredericksburg FC 2007 U11 Female CCL II
Potomac 2003 U15 Female CCL II,Ellicott City 2003 U15 Female CCL II
NVSC 2004 U14 Female CCL II,SYA 2004 U14 Female CCL II
LMVSC 2005 U13 Female CCL II,FCSC United 2005 U13 Female CCL II
FCSC United 2002 U16 Male CCL II,LMVSC 2002 U16 Male CCL II
FCSC United 2002 U16 Female CCL II,LMVSC 2002 U16 Female CCL II
SYA 2003 U15 Male CCL II,Fredericksburg FC 2003 U15 Male CCL II
Ellicott City 2003 U15 Female CCL II,LMVSC 2003 U15 Female CCL II
DC Stoddert 2004 U14 Female CCL II,McLean 2004 U14 Female CCL II
SYA 2004 U14 Female CCL II,Fredericksburg FC 2004 U14 Female CCL II
Ellicott City 2005 U13 Female CCL II,LMVSC 2005 U13 Female CCL II
FC Frederick 2005 U13 Female CCL II,FCSC United 2005 U13 Female CCL II
SYA 2007 U11 Male CCL II,Fredericksburg FC 2007 U11 Male CCL II
SYA 2007 U11 Female CCL II,Fredericksburg FC 2007 U11 Female CCL II
McLean 2002 U16 Female CCL II,Fredericksburg FC 2002 U16 Female CCL II
Fredericksburg FC 2003 U15 Male CCL II,FC Frederick 2003 U15 Male CCL II
NVSC 2003 U15 Female CCL II,Ellicott City 2003 U15 Female CCL II
McLean 2004 U14 Female CCL II,Potomac 2004 U14 Female CCL II
SYA 2004 U14 Female CCL II,SYC 2004 U14 Female CCL II
Fredericksburg FC 2007 U11 Male CCL II,FC Frederick 2007 U11 Male CCL II
Fredericksburg FC 2007 U11 Female CCL II,FC Frederick 2007 U11 Female CCL II
FCSC United 2002 U16 Male CCL II,McLean 2002 U16 Male CCL II
NVSC 2002 U16 Female CCL II,SYA 2002 U16 Female CCL II
DC Stoddert 2003 U15 Male CCL II,Fredericksburg FC 2003 U15 Male CCL II
Ellicott City 2003 U15 Female CCL II,SYA 2003 U15 Female CCL II
FC Frederick 2003 U15 Female CCL II,NVSC 2003 U15 Female CCL II
Ellicott City 2004 U14 Female CCL II,SYA 2004 U14 Female CCL II
FCSC United 2004 U14 Female CCL II,McLean 2004 U14 Female CCL II
FCSC United 2005 U13 Female CCL II,McLean 2005 U13 Female CCL II
DC Stoddert 2007 U11 Male CCL II,Fredericksburg FC 2007 U11 Male CCL II
DC Stoddert 2007 U11 Female CCL II,Fredericksburg FC 2007 U11 Female CCL II
Fredericksburg FC 2003 U15 Male CCL II,SYC 2003 U15 Male CCL II
Ellicott City 2003 U15 Female CCL II,FCSC United 2003 U15 Female CCL II
McLean 2004 U14 Female CCL II,SYA 2004 U14 Female CCL II
Fredericksburg FC 2007 U11 Male CCL II,SYC 2007 U11 Male CCL II
Fredericksburg FC 2007 U11 Female CCL II,SYC 2007 U11 Female CCL II
NVSC 2003 U15 Male CCL II,Fredericksburg FC 2003 U15 Male CCL II
McLean 2004 U14 Female CCL II,SYC 2004 U14 Female CCL II
SYA 2004 U14 Female CCL II,LMVSC 2004 U14 Female CCL II
NVSC 2007 U11 Male CCL II,Fredericksburg FC 2007 U11 Male CCL II
NVSC 2007 U11 Female CCL II,Fredericksburg FC 2007 U11 Female CCL II
Ellicott City 2003 U15 Male CCL II,FCSC United 2003 U15 Male CCL II
FCSC United 2005 U13 Female CCL II,Ellicott City 2005 U13 Female CCL II
Ellicott City 2002 U16 Female CCL II,FC Frederick 2002 U16 Female CCL II
CFC 06B Red (Red Stars) U12 Boys NCSL,GSC United Red 06 U12 Boys NCSL
DCST White Metros U12 Boys NCSL,GSC United Red 06 U12 Boys NCSL
FRED FC Frederick '06 Royal II U12 Boys NCSL,SMS Scorpions Classic U12 Boys NCSL
FTSC Future Monarchs Black '02B U16 Boys NCSL,REST 02 Cyclones U16 Boys NCSL
GSC United Red 06 U12 Boys NCSL,PAC Elite 06 Navy U12 Boys NCSL
GSC United Red 06 U12 Boys NCSL,POT Black 06 U12 Boys NCSL
GSC United Red 06 U12 Boys NCSL,FPYC United Gold 06 U12 Boys NCSL
GSC United Red 06 U12 Boys NCSL,SYA Cardinals '06 Black U12 Boys NCSL
GSC United Red 06 U12 Boys NCSL,LOUD 06B Silver U12 Boys NCSL
VYS 06B White U12 Boys NCSL,GSC United Red 06 U12 Boys NCSL
VYS 06B Black U12 Boys NCSL,GSC United Red 06 U12 Boys NCSL
ALEX 05 Boys Black U13 Boys ODSL,DFC Scorpions U13 Boys ODSL
SOCA Augusta U12 Boys Premier U12 Boys SCSL,SOCA Cville U12 Boys Premier U12 Boys SCSL
SOCA Augusta U12 Boys Premier U12 Boys SCSL,NRU U12 Boys U12 Boys SCSL
SOCA Augusta U12 Boys Premier U12 Boys SCSL,CVU U12 Boys U12 Boys SCSL
SOCA Augusta U12 Boys Premier U12 Boys SCSL,SVU U12 Boys U12 Boys SCSL
SOCA Augusta U12 Boys Premier U12 Boys SCSL,Valley FC U12 Boys U12 Boys SCSL
SOCA Augusta U13 Boys Premier U13 Boys SCSL,SOCA Cville U13 Boys Premier U13 Boys SCSL
SOCA Augusta U13 Boys Premier U13 Boys SCSL,NRU U13 Boys U13 Boys SCSL
SOCA Augusta U13 Boys Premier U13 Boys SCSL,CVU U13 Boys U13 Boys SCSL
SOCA Augusta U13 Boys Premier U13 Boys SCSL,SVU U13 Boys U13 Boys SCSL
SOCA Augusta U13 Boys Premier U13 Boys SCSL,Valley FC U13 Boys U13 Boys SCSL
SOCA Augusta U15 Boys Premier U15 Boys SCSL,SOCA Cville U15 Boys Premier U15 Boys SCSL
SOCA Augusta U15 Boys Premier U15 Boys SCSL,NRU U14 Boys Blue U15 Boys SCSL
SOCA Augusta U15 Boys Premier U15 Boys SCSL,CVU U15 Boys Premier U15 Boys SCSL
SOCA Augusta U15 Boys Premier U15 Boys SCSL,SVU U15 Boys U15 Boys SCSL
SOCA Augusta U15 Boys Premier U15 Boys SCSL,Valley FC U15 Boys U15 Boys SCSL
SOCA Augusta U16/17 Boys Premier U17 Boys SCSL,SOCA Cville U16 Boys Premier U17 Boys SCSL
SOCA Augusta U16/17 Boys Premier U17 Boys SCSL,CVU U16 Boys U17 Boys SCSL
SOCA Augusta U16/17 Boys Premier U17 Boys SCSL,NRU U15 Boys Premier U17 Boys SCSL
SOCA Augusta U16/17 Boys Premier U17 Boys SCSL,SVU U16/17 Boys U17 Boys SCSL
SOCA Augusta U16/17 Boys Premier U17 Boys SCSL,Valley FC U16 Boys U17 Boys SCSL
SOCA Augusta U18/19 Boys Premier U19 Boys SCSL,SOCA Cville U17 Boys Premier U19 Boys SCSL
SOCA Augusta U18/19 Boys Premier U19 Boys SCSL,NRU U16 Boys U19 Boys SCSL
SOCA Augusta U18/19 Boys Premier U19 Boys SCSL,CVU U17 Boys U19 Boys SCSL
SOCA Augusta U18/19 Boys Premier U19 Boys SCSL,FYSA U17 Boys U19 Boys SCSL
SOCA Augusta U18/19 Boys Premier U19 Boys SCSL,Valley FC U17 Boys U19 Boys SCSL
SOCA Augusta U12 Girls Premier U12 Girls SCSL,SOCA Cville U12 Girls Premier U12 Girls SCSL
SOCA Augusta U12 Girls Premier U12 Girls SCSL,NRU U12 Girls U12 Girls SCSL
SOCA Augusta U12 Girls Premier U12 Girls SCSL,CVU U12 Girls U12 Girls SCSL
SOCA Augusta U12 Girls Premier U12 Girls SCSL,SVU U12 Girls U12 Girls SCSL
SOCA Augusta U12 Girls Premier U12 Girls SCSL,Valley FC U12 Girls U12 Girls SCSL
SOCA Augusta U13 Girls Premier U13 Girls SCSL,SOCA Cville U13 Girls Premier U13 Girls SCSL
SOCA Augusta U13 Girls Premier U13 Girls SCSL,NRU U13 Girls U13 Girls SCSL
SOCA Augusta U13 Girls Premier U13 Girls SCSL,CVU U13 Girls U13 Girls SCSL
SOCA Augusta U13 Girls Premier U13 Girls SCSL,Valley FC U13 Girls U13 Girls SCSL
SOCA Augusta U15 Girls Premier U15 Girls SCSL,SOCA Cville U15 Girls Premier U15 Girls SCSL
SOCA Augusta U15 Girls Premier U15 Girls SCSL,NRU U15 Girls U15 Girls SCSL
SOCA Augusta U15 Girls Premier U15 Girls SCSL,CVU U15 Girls U15 Girls SCSL
SOCA Augusta U15 Girls Premier U15 Girls SCSL,SVU U15 Girls U15 Girls SCSL
SOCA Augusta U15 Girls Premier U15 Girls SCSL,Valley FC U15 Girls U15 Girls SCSL
SOCA Augusta U19 Girls Premier U19 Girls SCSL,NRU U19 Girls U19 Girls SCSL
SOCA Augusta U19 Girls Premier U19 Girls SCSL,CVU U19 Girls U19 Girls SCSL
SOCA Augusta U19 Girls Premier U19 Girls SCSL,Salem Sabres U18 Girls U19 Girls SCSL
SOCA Augusta U19 Girls Premier U19 Girls SCSL,Valley FC U18 Girls U19 Girls SCSL
CVU U12 Boys U12 Boys SCSL,Valley FC U12 Boys U12 Boys SCSL
CVU U12 Boys U12 Boys SCSL,SOCA Augusta U12 Boys Premier U12 Boys SCSL
CVU U12 Boys U12 Boys SCSL,SVU U12 Boys U12 Boys SCSL
CVU U12 Boys U12 Boys SCSL,SOCA Cville U12 Boys Premier U12 Boys SCSL
CVU U12 Boys U12 Boys SCSL,NRU U12 Boys U12 Boys SCSL
CVU U13 Boys U13 Boys SCSL,Valley FC U13 Boys U13 Boys SCSL
CVU U13 Boys U13 Boys SCSL,SOCA Augusta U13 Boys Premier U13 Boys SCSL
CVU U13 Boys U13 Boys SCSL,SVU U13 Boys U13 Boys SCSL
CVU U13 Boys U13 Boys SCSL,SOCA Cville U13 Boys Premier U13 Boys SCSL
CVU U13 Boys U13 Boys SCSL,NRU U13 Boys U13 Boys SCSL
CVU U14 Boys U14 Boys SCSL,Valley FC U14 Boys U14 Boys SCSL
CVU U14 Boys U14 Boys SCSL,SOCA Cville U14 Boys Classic U14 Boys SCSL
CVU U14 Boys U14 Boys SCSL,SVU U14 Boys U14 Boys SCSL
CVU U14 Boys U14 Boys SCSL,SOCA Cville U14 Boys Premier U14 Boys SCSL
CVU U14 Boys U14 Boys SCSL,NRU U14 Boys White U14 Boys SCSL
CVU U15 Boys Premier U15 Boys SCSL,Valley FC U15 Boys U15 Boys SCSL
CVU U15 Boys Premier U15 Boys SCSL,SOCA Augusta U15 Boys Premier U15 Boys SCSL
CVU U15 Boys Premier U15 Boys SCSL,SVU U15 Boys U15 Boys SCSL
CVU U15 Boys Premier U15 Boys SCSL,SOCA Cville U15 Boys Premier U15 Boys SCSL
CVU U15 Boys Premier U15 Boys SCSL,NRU U14 Boys Blue U15 Boys SCSL
CVU U16 Boys U17 Boys SCSL,Valley FC U16 Boys U17 Boys SCSL
CVU U16 Boys U17 Boys SCSL,SOCA Augusta U16/17 Boys Premier U17 Boys SCSL
CVU U16 Boys U17 Boys SCSL,SVU U16/17 Boys U17 Boys SCSL
CVU U16 Boys U17 Boys SCSL,SOCA Cville U16 Boys Premier U17 Boys SCSL
CVU U16 Boys U17 Boys SCSL,NRU U15 Boys Premier U17 Boys SCSL
CVU U18 Boys U19 Boys SCSL,Valley FC U19 Boys U19 Boys SCSL
CVU U18 Boys U19 Boys SCSL,SVU U19 Boys U19 Boys SCSL
CVU U18 Boys U19 Boys SCSL,SOCA Cville U19 Boys Premier U19 Boys SCSL
CVU U18 Boys U19 Boys SCSL,NRU U17 Boys Premier U19 Boys SCSL
CVU U18 Boys U19 Boys SCSL,NRU U19 Boys Premier U19 Boys SCSL
CVU U17 Boys U19 Boys SCSL,Valley FC U17 Boys U19 Boys SCSL
CVU U17 Boys U19 Boys SCSL,SOCA Augusta U18/19 Boys Premier U19 Boys SCSL
CVU U17 Boys U19 Boys SCSL,SOCA Cville U17 Boys Premier U19 Boys SCSL
CVU U17 Boys U19 Boys SCSL,NRU U16 Boys U19 Boys SCSL
CVU U17 Boys U19 Boys SCSL,FYSA U17 Boys U19 Boys SCSL
CVU U12 Girls U12 Girls SCSL,Valley FC U12 Girls U12 Girls SCSL
CVU U12 Girls U12 Girls SCSL,SOCA Augusta U12 Girls Premier U12 Girls SCSL
CVU U12 Girls U12 Girls SCSL,SVU U12 Girls U12 Girls SCSL
CVU U12 Girls U12 Girls SCSL,SOCA Cville U12 Girls Premier U12 Girls SCSL
CVU U12 Girls U12 Girls SCSL,NRU U12 Girls U12 Girls SCSL
CVU U13 Girls U13 Girls SCSL,Valley FC U13 Girls U13 Girls SCSL
CVU U13 Girls U13 Girls SCSL,SOCA Augusta U13 Girls Premier U13 Girls SCSL
CVU U13 Girls U13 Girls SCSL,SOCA Cville U13 Girls Premier U13 Girls SCSL
CVU U13 Girls U13 Girls SCSL,NRU U13 Girls U13 Girls SCSL
CVU U14 Girls U14 Girls SCSL,Valley FC U14 Girls U14 Girls SCSL
CVU U14 Girls U14 Girls SCSL,SOCA Cville U14 Girls Classic Blue U14 Girls SCSL
CVU U14 Girls U14 Girls SCSL,SVU U14 Girls U14 Girls SCSL
CVU U14 Girls U14 Girls SCSL,SOCA Cville U14 Girls Premier U14 Girls SCSL
CVU U14 Girls U14 Girls SCSL,NRU U14 Girls U14 Girls SCSL
CVU U15 Girls U15 Girls SCSL,Valley FC U15 Girls U15 Girls SCSL
CVU U15 Girls U15 Girls SCSL,SOCA Augusta U15 Girls Premier U15 Girls SCSL
CVU U15 Girls U15 Girls SCSL,SVU U15 Girls U15 Girls SCSL
CVU U15 Girls U15 Girls SCSL,SOCA Cville U15 Girls Premier U15 Girls SCSL
CVU U15 Girls U15 Girls SCSL,NRU U15 Girls U15 Girls SCSL
CVU U16 Girls U16 Girls SCSL,Valley FC U16 Girls U16 Girls SCSL
CVU U16 Girls U16 Girls SCSL,Salem Sabres U16 Girls U16 Girls SCSL
CVU U16 Girls U16 Girls SCSL,SOCA Cville U16 Girls Premier U16 Girls SCSL
CVU U16 Girls U16 Girls SCSL,NRU U16 Girls U16 Girls SCSL
CVU U17 Girls U19 Girls SCSL,Valley FC U17 Girls U19 Girls SCSL
CVU U17 Girls U19 Girls SCSL,Madison U19 Girls U19 Girls SCSL
CVU U17 Girls U19 Girls SCSL,SVU U19 Girls U19 Girls SCSL
CVU U17 Girls U19 Girls SCSL,SOCA CVille U19 Girls Premier U19 Girls SCSL
CVU U17 Girls U19 Girls SCSL,NRU U17 Girls U19 Girls SCSL
CVU U19 Girls U19 Girls SCSL,Valley FC U18 Girls U19 Girls SCSL
CVU U19 Girls U19 Girls SCSL,SOCA Augusta U19 Girls Premier U19 Girls SCSL
CVU U19 Girls U19 Girls SCSL,NRU U19 Girls U19 Girls SCSL
CVU U19 Girls U19 Girls SCSL,Salem Sabres U18 Girls U19 Girls SCSL
SOCA Cville U12 Boys Premier U12 Boys SCSL,SVU U12 Boys U12 Boys SCSL
SOCA Cville U12 Boys Premier U12 Boys SCSL,NRU U12 Boys U12 Boys SCSL
SOCA Cville U12 Boys Premier U12 Boys SCSL,SOCA Augusta U12 Boys Premier U12 Boys SCSL
SOCA Cville U12 Boys Premier U12 Boys SCSL,Valley FC U12 Boys U12 Boys SCSL
SOCA Cville U12 Boys Premier U12 Boys SCSL,CVU U12 Boys U12 Boys SCSL
SOCA Cville U13 Boys Premier U13 Boys SCSL,SVU U13 Boys U13 Boys SCSL
SOCA Cville U13 Boys Premier U13 Boys SCSL,NRU U13 Boys U13 Boys SCSL
SOCA Cville U13 Boys Premier U13 Boys SCSL,SOCA Augusta U13 Boys Premier U13 Boys SCSL
SOCA Cville U13 Boys Premier U13 Boys SCSL,Valley FC U13 Boys U13 Boys SCSL
SOCA Cville U13 Boys Premier U13 Boys SCSL,CVU U13 Boys U13 Boys SCSL
SOCA Cville U14 Boys Premier U14 Boys SCSL,SOCA Cville U14 Boys Classic U14 Boys SCSL
SOCA Cville U14 Boys Premier U14 Boys SCSL,SVU U14 Boys U14 Boys SCSL
SOCA Cville U14 Boys Classic U14 Boys SCSL,NRU U14 Boys White U14 Boys SCSL
SOCA Cville U14 Boys Classic U14 Boys SCSL,CVU U14 Boys U14 Boys SCSL
SOCA Cville U14 Boys Premier U14 Boys SCSL,NRU U14 Boys White U14 Boys SCSL
SOCA Cville U14 Boys Premier U14 Boys SCSL,SOCA Cville U14 Boys Classic U14 Boys SCSL
SOCA Cville U14 Boys Premier U14 Boys SCSL,Valley FC U14 Boys U14 Boys SCSL
SOCA Cville U14 Boys Classic U14 Boys SCSL,SVU U14 Boys U14 Boys SCSL
SOCA Cville U14 Boys Premier U14 Boys SCSL,CVU U14 Boys U14 Boys SCSL
SOCA Cville U14 Boys Classic U14 Boys SCSL,Valley FC U14 Boys U14 Boys SCSL
SOCA Cville 05 Boys White U15 Boys SCSL,Madison U13 U15 Boys SCSL
SOCA Cville 05 Boys Blue U15 Boys SCSL,Luray Valley U13 U15 Boys SCSL
SOCA Cville U15 Boys Premier U15 Boys SCSL,SVU U15 Boys U15 Boys SCSL
SOCA Cville U15 Boys Premier U15 Boys SCSL,NRU U14 Boys Blue U15 Boys SCSL
SOCA Cville U15 Boys Premier U15 Boys SCSL,SOCA Augusta U15 Boys Premier U15 Boys SCSL
SOCA Cville U15 Boys Premier U15 Boys SCSL,Valley FC U15 Boys U15 Boys SCSL
SOCA Cville U15 Boys Premier U15 Boys SCSL,CVU U15 Boys Premier U15 Boys SCSL
SOCA Cville U16 Boys Premier U17 Boys SCSL,SVU U16/17 Boys U17 Boys SCSL
SOCA Cville U16 Boys Premier U17 Boys SCSL,NRU U15 Boys Premier U17 Boys SCSL
SOCA Cville U16 Boys Premier U17 Boys SCSL,SOCA Augusta U16/17 Boys Premier U17 Boys SCSL
SOCA Cville U16 Boys Premier U17 Boys SCSL,Valley FC U16 Boys U17 Boys SCSL
SOCA Cville U16 Boys Premier U17 Boys SCSL,CVU U16 Boys U17 Boys SCSL
SOCA Cville U19 Boys Premier U19 Boys SCSL,SVU U19 Boys U19 Boys SCSL
SOCA Cville U19 Boys Premier U19 Boys SCSL,NRU U17 Boys Premier U19 Boys SCSL
SOCA Cville U19 Boys Premier U19 Boys SCSL,NRU U19 Boys Premier U19 Boys SCSL
SOCA Cville U19 Boys Premier U19 Boys SCSL,Valley FC U19 Boys U19 Boys SCSL
SOCA Cville U19 Boys Premier U19 Boys SCSL,CVU U18 Boys U19 Boys SCSL
SOCA Cville U17 Boys Premier U19 Boys SCSL,FYSA U17 Boys U19 Boys SCSL
SOCA Cville U17 Boys Premier U19 Boys SCSL,NRU U16 Boys U19 Boys SCSL
SOCA Cville U17 Boys Premier U19 Boys SCSL,SOCA Augusta U18/19 Boys Premier U19 Boys SCSL
SOCA Cville U17 Boys Premier U19 Boys SCSL,Valley FC U17 Boys U19 Boys SCSL
SOCA Cville U17 Boys Premier U19 Boys SCSL,CVU U17 Boys U19 Boys SCSL
SOCA Cville U12 Girls Premier U12 Girls SCSL,SVU U12 Girls U12 Girls SCSL
SOCA Cville U12 Girls Premier U12 Girls SCSL,NRU U12 Girls U12 Girls SCSL
SOCA Cville U12 Girls Premier U12 Girls SCSL,SOCA Augusta U12 Girls Premier U12 Girls SCSL
SOCA Cville U12 Girls Premier U12 Girls SCSL,Valley FC U12 Girls U12 Girls SCSL
SOCA Cville U12 Girls Premier U12 Girls SCSL,CVU U12 Girls U12 Girls SCSL
SOCA Cville U13 Girls Premier U13 Girls SCSL,NRU U13 Girls U13 Girls SCSL
SOCA Cville U13 Girls Premier U13 Girls SCSL,SOCA Augusta U13 Girls Premier U13 Girls SCSL
SOCA Cville U13 Girls Premier U13 Girls SCSL,Valley FC U13 Girls U13 Girls SCSL
SOCA Cville U13 Girls Premier U13 Girls SCSL,CVU U13 Girls U13 Girls SCSL
SOCA Cville U14 Girls Premier U14 Girls SCSL,SOCA Cville U14 Girls Classic Blue U14 Girls SCSL
SOCA Cville U14 Girls Premier U14 Girls SCSL,SVU U14 Girls U14 Girls SCSL
SOCA Cville U14 Girls Classic Blue U14 Girls SCSL,NRU U14 Girls U14 Girls SCSL
SOCA Cville U14 Girls Classic Blue U14 Girls SCSL,CVU U14 Girls U14 Girls SCSL
SOCA Cville U14 Girls Premier U14 Girls SCSL,NRU U14 Girls U14 Girls SCSL
SOCA Cville U14 Girls Premier U14 Girls SCSL,SOCA Cville U14 Girls Classic Blue U14 Girls SCSL
SOCA Cville U14 Girls Premier U14 Girls SCSL,Valley FC U14 Girls U14 Girls SCSL
SOCA Cville U14 Girls Classic Blue U14 Girls SCSL,SVU U14 Girls U14 Girls SCSL
SOCA Cville U14 Girls Premier U14 Girls SCSL,CVU U14 Girls U14 Girls SCSL
SOCA Cville U14 Girls Classic Blue U14 Girls SCSL,Valley FC U14 Girls U14 Girls SCSL
SOCA Cville U15 Girls Premier U15 Girls SCSL,SVU U15 Girls U15 Girls SCSL
SOCA Cville U15 Girls Premier U15 Girls SCSL,NRU U15 Girls U15 Girls SCSL
SOCA Cville U15 Girls Premier U15 Girls SCSL,SOCA Augusta U15 Girls Premier U15 Girls SCSL
SOCA Cville U15 Girls Premier U15 Girls SCSL,Valley FC U15 Girls U15 Girls SCSL
SOCA Cville U15 Girls Premier U15 Girls SCSL,CVU U15 Girls U15 Girls SCSL
SOCA Cville U16 Girls Premier U16 Girls SCSL,Salem Sabres U16 Girls U16 Girls SCSL
SOCA Cville U16 Girls Premier U16 Girls SCSL,NRU U16 Girls U16 Girls SCSL
SOCA Cville U16 Girls Premier U16 Girls SCSL,Valley FC U16 Girls U16 Girls SCSL
SOCA Cville U16 Girls Premier U16 Girls SCSL,CVU U16 Girls U16 Girls SCSL
SOCA CVille U19 Girls Premier U19 Girls SCSL,SVU U19 Girls U19 Girls SCSL
SOCA CVille U19 Girls Premier U19 Girls SCSL,NRU U17 Girls U19 Girls SCSL
SOCA CVille U19 Girls Premier U19 Girls SCSL,Madison U19 Girls U19 Girls SCSL
SOCA CVille U19 Girls Premier U19 Girls SCSL,Valley FC U17 Girls U19 Girls SCSL
SOCA CVille U19 Girls Premier U19 Girls SCSL,CVU U17 Girls U19 Girls SCSL
FYSA U17 Boys U19 Boys SCSL,CVU U17 Boys U19 Boys SCSL
FYSA U17 Boys U19 Boys SCSL,Valley FC U17 Boys U19 Boys SCSL
FYSA U17 Boys U19 Boys SCSL,SOCA Augusta U18/19 Boys Premier U19 Boys SCSL
FYSA U17 Boys U19 Boys SCSL,SOCA Cville U17 Boys Premier U19 Boys SCSL
FYSA U17 Boys U19 Boys SCSL,NRU U16 Boys U19 Boys SCSL
NRU U12 Boys U12 Boys SCSL,CVU U12 Boys U12 Boys SCSL
NRU U12 Boys U12 Boys SCSL,Valley FC U12 Boys U12 Boys SCSL
NRU U12 Boys U12 Boys SCSL,SOCA Cville U12 Boys Premier U12 Boys SCSL
NRU U12 Boys U12 Boys SCSL,SVU U12 Boys U12 Boys SCSL
NRU U12 Boys U12 Boys SCSL,SOCA Augusta U12 Boys Premier U12 Boys SCSL
NRU U13 Boys U13 Boys SCSL,CVU U13 Boys U13 Boys SCSL
NRU U13 Boys U13 Boys SCSL,Valley FC U13 Boys U13 Boys SCSL
NRU U13 Boys U13 Boys SCSL,SOCA Cville U13 Boys Premier U13 Boys SCSL
NRU U13 Boys U13 Boys SCSL,SVU U13 Boys U13 Boys SCSL
NRU U13 Boys U13 Boys SCSL,SOCA Augusta U13 Boys Premier U13 Boys SCSL
NRU U14 Boys White U14 Boys SCSL,CVU U14 Boys U14 Boys SCSL
NRU U14 Boys White U14 Boys SCSL,Valley FC U14 Boys U14 Boys SCSL
NRU U14 Boys White U14 Boys SCSL,SOCA Cville U14 Boys Premier U14 Boys SCSL
NRU U14 Boys White U14 Boys SCSL,SVU U14 Boys U14 Boys SCSL
NRU U14 Boys White U14 Boys SCSL,SOCA Cville U14 Boys Classic U14 Boys SCSL
NRU U14 Boys Blue U15 Boys SCSL,CVU U15 Boys Premier U15 Boys SCSL
NRU U14 Boys Blue U15 Boys SCSL,Valley FC U15 Boys U15 Boys SCSL
NRU U14 Boys Blue U15 Boys SCSL,SOCA Cville U15 Boys Premier U15 Boys SCSL
NRU U14 Boys Blue U15 Boys SCSL,SVU U15 Boys U15 Boys SCSL
NRU U14 Boys Blue U15 Boys SCSL,SOCA Augusta U15 Boys Premier U15 Boys SCSL
NRU U15 Boys Premier U17 Boys SCSL,CVU U16 Boys U17 Boys SCSL
NRU U15 Boys Premier U17 Boys SCSL,Valley FC U16 Boys U17 Boys SCSL
NRU U15 Boys Premier U17 Boys SCSL,SOCA Cville U16 Boys Premier U17 Boys SCSL
NRU U15 Boys Premier U17 Boys SCSL,SVU U16/17 Boys U17 Boys SCSL
NRU U15 Boys Premier U17 Boys SCSL,SOCA Augusta U16/17 Boys Premier U17 Boys SCSL
NRU U19 Boys Premier U19 Boys SCSL,SOCA Cville U19 Boys Premier U19 Boys SCSL
NRU U17 Boys Premier U19 Boys SCSL,CVU U18 Boys U19 Boys SCSL
NRU U17 Boys Premier U19 Boys SCSL,Valley FC U19 Boys U19 Boys SCSL
NRU U17 Boys Premier U19 Boys SCSL,SOCA Cville U19 Boys Premier U19 Boys SCSL
NRU U19 Boys Premier U19 Boys SCSL,SVU U19 Boys U19 Boys SCSL
NRU U17 Boys Premier U19 Boys SCSL,SVU U19 Boys U19 Boys SCSL
NRU U19 Boys Premier U19 Boys SCSL,CVU U18 Boys U19 Boys SCSL
NRU U19 Boys Premier U19 Boys SCSL,NRU U17 Boys Premier U19 Boys SCSL
NRU U19 Boys Premier U19 Boys SCSL,Valley FC U19 Boys U19 Boys SCSL
NRU U19 Boys Premier U19 Boys SCSL,NRU U17 Boys Premier U19 Boys SCSL
NRU U16 Boys U19 Boys SCSL,CVU U17 Boys U19 Boys SCSL
NRU U16 Boys U19 Boys SCSL,Valley FC U17 Boys U19 Boys SCSL
NRU U16 Boys U19 Boys SCSL,SOCA Cville U17 Boys Premier U19 Boys SCSL
NRU U16 Boys U19 Boys SCSL,FYSA U17 Boys U19 Boys SCSL
NRU U16 Boys U19 Boys SCSL,SOCA Augusta U18/19 Boys Premier U19 Boys SCSL
NRU U12 Girls U12 Girls SCSL,CVU U12 Girls U12 Girls SCSL
NRU U12 Girls U12 Girls SCSL,Valley FC U12 Girls U12 Girls SCSL
NRU U12 Girls U12 Girls SCSL,SOCA Cville U12 Girls Premier U12 Girls SCSL
NRU U12 Girls U12 Girls SCSL,SVU U12 Girls U12 Girls SCSL
NRU U12 Girls U12 Girls SCSL,SOCA Augusta U12 Girls Premier U12 Girls SCSL
NRU U13 Girls U13 Girls SCSL,CVU U13 Girls U13 Girls SCSL
NRU U13 Girls U13 Girls SCSL,Valley FC U13 Girls U13 Girls SCSL
NRU U13 Girls U13 Girls SCSL,SOCA Cville U13 Girls Premier U13 Girls SCSL
NRU U13 Girls U13 Girls SCSL,SOCA Augusta U13 Girls Premier U13 Girls SCSL
NRU U14 Girls U14 Girls SCSL,CVU U14 Girls U14 Girls SCSL
NRU U14 Girls U14 Girls SCSL,Valley FC U14 Girls U14 Girls SCSL
NRU U14 Girls U14 Girls SCSL,SOCA Cville U14 Girls Premier U14 Girls SCSL
NRU U14 Girls U14 Girls SCSL,SVU U14 Girls U14 Girls SCSL
NRU U14 Girls U14 Girls SCSL,SOCA Cville U14 Girls Classic Blue U14 Girls SCSL
NRU U15 Girls U15 Girls SCSL,CVU U15 Girls U15 Girls SCSL
NRU U15 Girls U15 Girls SCSL,Valley FC U15 Girls U15 Girls SCSL
NRU U15 Girls U15 Girls SCSL,SOCA Cville U15 Girls Premier U15 Girls SCSL
NRU U15 Girls U15 Girls SCSL,SVU U15 Girls U15 Girls SCSL
NRU U15 Girls U15 Girls SCSL,SOCA Augusta U15 Girls Premier U15 Girls SCSL
NRU U15 Girls U15 Girls SCSL,SOCA Augusta U15 Girls Premier U15 Girls SCSL
NRU U16 Girls U16 Girls SCSL,CVU U16 Girls U16 Girls SCSL
NRU U16 Girls U16 Girls SCSL,Valley FC U16 Girls U16 Girls SCSL
NRU U16 Girls U16 Girls SCSL,SOCA Cville U16 Girls Premier U16 Girls SCSL
NRU U16 Girls U16 Girls SCSL,Salem Sabres U16 Girls U16 Girls SCSL
NRU U17 Girls U19 Girls SCSL,Valley FC U17 Girls U19 Girls SCSL
NRU U17 Girls U19 Girls SCSL,SOCA CVille U19 Girls Premier U19 Girls SCSL
NRU U17 Girls U19 Girls SCSL,SVU U19 Girls U19 Girls SCSL
NRU U17 Girls U19 Girls SCSL,CVU U17 Girls U19 Girls SCSL
NRU U17 Girls U19 Girls SCSL,Madison U19 Girls U19 Girls SCSL
NRU U19 Girls U19 Girls SCSL,CVU U19 Girls U19 Girls SCSL
NRU U19 Girls U19 Girls SCSL,Valley FC U18 Girls U19 Girls SCSL
NRU U19 Girls U19 Girls SCSL,Salem Sabres U18 Girls U19 Girls SCSL
NRU U19 Girls U19 Girls SCSL,SOCA Augusta U19 Girls Premier U19 Girls SCSL
Salem Sabres U16 Girls U16 Girls SCSL,CVU U16 Girls U16 Girls SCSL
Salem Sabres U16 Girls U16 Girls SCSL,Valley FC U16 Girls U16 Girls SCSL
Salem Sabres U16 Girls U16 Girls SCSL,SOCA Cville U16 Girls Premier U16 Girls SCSL
Salem Sabres U16 Girls U16 Girls SCSL,NRU U16 Girls U16 Girls SCSL
Salem Sabres U18 Girls U19 Girls SCSL,CVU U19 Girls U19 Girls SCSL
Salem Sabres U18 Girls U19 Girls SCSL,SOCA Augusta U19 Girls Premier U19 Girls SCSL
Salem Sabres U18 Girls U19 Girls SCSL,Valley FC U18 Girls U19 Girls SCSL
Salem Sabres U18 Girls U19 Girls SCSL,NRU U19 Girls U19 Girls SCSL
SVU U12 Boys U12 Boys SCSL,CVU U12 Boys U12 Boys SCSL
SVU U12 Boys U12 Boys SCSL,SOCA Augusta U12 Boys Premier U12 Boys SCSL
SVU U12 Boys U12 Boys SCSL,Valley FC U12 Boys U12 Boys SCSL
SVU U12 Boys U12 Boys SCSL,SOCA Cville U12 Boys Premier U12 Boys SCSL
SVU U12 Boys U12 Boys SCSL,NRU U12 Boys U12 Boys SCSL
SVU U13 Boys U13 Boys SCSL,CVU U13 Boys U13 Boys SCSL
SVU U13 Boys U13 Boys SCSL,SOCA Augusta U13 Boys Premier U13 Boys SCSL
SVU U13 Boys U13 Boys SCSL,Valley FC U13 Boys U13 Boys SCSL
SVU U13 Boys U13 Boys SCSL,SOCA Cville U13 Boys Premier U13 Boys SCSL
SVU U13 Boys U13 Boys SCSL,NRU U13 Boys U13 Boys SCSL
SVU U14 Boys U14 Boys SCSL,CVU U14 Boys U14 Boys SCSL
SVU U14 Boys U14 Boys SCSL,SOCA Cville U14 Boys Classic U14 Boys SCSL
SVU U14 Boys U14 Boys SCSL,Valley FC U14 Boys U14 Boys SCSL
SVU U14 Boys U14 Boys SCSL,SOCA Cville U14 Boys Premier U14 Boys SCSL
SVU U14 Boys U14 Boys SCSL,NRU U14 Boys White U14 Boys SCSL
SVU U15 Boys U15 Boys SCSL,CVU U15 Boys Premier U15 Boys SCSL
SVU U15 Boys U15 Boys SCSL,SOCA Augusta U15 Boys Premier U15 Boys SCSL
SVU U15 Boys U15 Boys SCSL,Valley FC U15 Boys U15 Boys SCSL
SVU U15 Boys U15 Boys SCSL,SOCA Cville U15 Boys Premier U15 Boys SCSL
SVU U15 Boys U15 Boys SCSL,NRU U14 Boys Blue U15 Boys SCSL
SVU U16/17 Boys U17 Boys SCSL,CVU U16 Boys U17 Boys SCSL
SVU U16/17 Boys U17 Boys SCSL,SOCA Augusta U16/17 Boys Premier U17 Boys SCSL
SVU U16/17 Boys U17 Boys SCSL,Valley FC U16 Boys U17 Boys SCSL
SVU U16/17 Boys U17 Boys SCSL,NRU U15 Boys Premier U17 Boys SCSL
SVU U16/17 Boys U17 Boys SCSL,SOCA Cville U16 Boys Premier U17 Boys SCSL
SVU U19 Boys U19 Boys SCSL,CVU U18 Boys U19 Boys SCSL
SVU U19 Boys U19 Boys SCSL,NRU U19 Boys Premier U19 Boys SCSL
SVU U19 Boys U19 Boys SCSL,Valley FC U19 Boys U19 Boys SCSL
SVU U19 Boys U19 Boys SCSL,NRU U17 Boys Premier U19 Boys SCSL
SVU U19 Boys U19 Boys SCSL,SOCA Cville U19 Boys Premier U19 Boys SCSL
SVU U12 Girls U12 Girls SCSL,CVU U12 Girls U12 Girls SCSL
SVU U12 Girls U12 Girls SCSL,SOCA Augusta U12 Girls Premier U12 Girls SCSL
SVU U12 Girls U12 Girls SCSL,Valley FC U12 Girls U12 Girls SCSL
SVU U12 Girls U12 Girls SCSL,SOCA Cville U12 Girls Premier U12 Girls SCSL
SVU U12 Girls U12 Girls SCSL,NRU U12 Girls U12 Girls SCSL
SVU U14 Girls U14 Girls SCSL,CVU U14 Girls U14 Girls SCSL
SVU U14 Girls U14 Girls SCSL,SOCA Cville U14 Girls Classic Blue U14 Girls SCSL
SVU U14 Girls U14 Girls SCSL,Valley FC U14 Girls U14 Girls SCSL
SVU U14 Girls U14 Girls SCSL,SOCA Cville U14 Girls Premier U14 Girls SCSL
SVU U14 Girls U14 Girls SCSL,NRU U14 Girls U14 Girls SCSL
SVU U15 Girls U15 Girls SCSL,CVU U15 Girls U15 Girls SCSL
SVU U15 Girls U15 Girls SCSL,SOCA Augusta U15 Girls Premier U15 Girls SCSL
SVU U15 Girls U15 Girls SCSL,Valley FC U15 Girls U15 Girls SCSL
SVU U15 Girls U15 Girls SCSL,SOCA Cville U15 Girls Premier U15 Girls SCSL
SVU U15 Girls U15 Girls SCSL,NRU U15 Girls U15 Girls SCSL
SVU U19 Girls U19 Girls SCSL,CVU U17 Girls U19 Girls SCSL
SVU U19 Girls U19 Girls SCSL,Madison U19 Girls U19 Girls SCSL
SVU U19 Girls U19 Girls SCSL,Valley FC U17 Girls U19 Girls SCSL
SVU U19 Girls U19 Girls SCSL,NRU U17 Girls U19 Girls SCSL
SVU U19 Girls U19 Girls SCSL,SOCA CVille U19 Girls Premier U19 Girls SCSL
Valley FC U12 Boys U12 Boys SCSL,SVU U12 Boys U12 Boys SCSL
Valley FC U12 Boys U12 Boys SCSL,SOCA Cville U12 Boys Premier U12 Boys SCSL
Valley FC U12 Boys U12 Boys SCSL,CVU U12 Boys U12 Boys SCSL
Valley FC U12 Boys U12 Boys SCSL,SOCA Augusta U12 Boys Premier U12 Boys SCSL
Valley FC U12 Boys U12 Boys SCSL,NRU U12 Boys U12 Boys SCSL
Valley FC U13 Boys U13 Boys SCSL,SVU U13 Boys U13 Boys SCSL
Valley FC U13 Boys U13 Boys SCSL,SOCA Cville U13 Boys Premier U13 Boys SCSL
Valley FC U13 Boys U13 Boys SCSL,CVU U13 Boys U13 Boys SCSL
Valley FC U13 Boys U13 Boys SCSL,SOCA Augusta U13 Boys Premier U13 Boys SCSL
Valley FC U13 Boys U13 Boys SCSL,NRU U13 Boys U13 Boys SCSL
Valley FC U14 Boys U14 Boys SCSL,SVU U14 Boys U14 Boys SCSL
Valley FC U14 Boys U14 Boys SCSL,SOCA Cville U14 Boys Premier U14 Boys SCSL
Valley FC U14 Boys U14 Boys SCSL,CVU U14 Boys U14 Boys SCSL
Valley FC U14 Boys U14 Boys SCSL,SOCA Cville U14 Boys Classic U14 Boys SCSL
Valley FC U14 Boys U14 Boys SCSL,NRU U14 Boys White U14 Boys SCSL
Valley FC U15 Boys U15 Boys SCSL,SVU U15 Boys U15 Boys SCSL
Valley FC U15 Boys U15 Boys SCSL,SOCA Cville U15 Boys Premier U15 Boys SCSL
Valley FC U15 Boys U15 Boys SCSL,CVU U15 Boys Premier U15 Boys SCSL
Valley FC U15 Boys U15 Boys SCSL,SOCA Augusta U15 Boys Premier U15 Boys SCSL
Valley FC U15 Boys U15 Boys SCSL,NRU U14 Boys Blue U15 Boys SCSL
Valley FC U16 Boys U17 Boys SCSL,SVU U16/17 Boys U17 Boys SCSL
Valley FC U16 Boys U17 Boys SCSL,SOCA Cville U16 Boys Premier U17 Boys SCSL
Valley FC U16 Boys U17 Boys SCSL,CVU U16 Boys U17 Boys SCSL
Valley FC U16 Boys U17 Boys SCSL,SOCA Augusta U16/17 Boys Premier U17 Boys SCSL
Valley FC U16 Boys U17 Boys SCSL,NRU U15 Boys Premier U17 Boys SCSL
Valley FC U19 Boys U19 Boys SCSL,SVU U19 Boys U19 Boys SCSL
Valley FC U19 Boys U19 Boys SCSL,SOCA Cville U19 Boys Premier U19 Boys SCSL
Valley FC U19 Boys U19 Boys SCSL,CVU U18 Boys U19 Boys SCSL
Valley FC U19 Boys U19 Boys SCSL,NRU U19 Boys Premier U19 Boys SCSL
Valley FC U19 Boys U19 Boys SCSL,NRU U17 Boys Premier U19 Boys SCSL
Valley FC U17 Boys U19 Boys SCSL,FYSA U17 Boys U19 Boys SCSL
Valley FC U17 Boys U19 Boys SCSL,SOCA Cville U17 Boys Premier U19 Boys SCSL
Valley FC U17 Boys U19 Boys SCSL,SOCA Augusta U18/19 Boys Premier U19 Boys SCSL
Valley FC U17 Boys U19 Boys SCSL,NRU U16 Boys U19 Boys SCSL
Valley FC U17 Boys U19 Boys SCSL,CVU U17 Boys U19 Boys SCSL
Valley FC U12 Girls U12 Girls SCSL,SVU U12 Girls U12 Girls SCSL
Valley FC U12 Girls U12 Girls SCSL,SOCA Cville U12 Girls Premier U12 Girls SCSL
Valley FC U12 Girls U12 Girls SCSL,CVU U12 Girls U12 Girls SCSL
Valley FC U12 Girls U12 Girls SCSL,SOCA Augusta U12 Girls Premier U12 Girls SCSL
Valley FC U12 Girls U12 Girls SCSL,NRU U12 Girls U12 Girls SCSL
Valley FC U13 Girls U13 Girls SCSL,SOCA Cville U13 Girls Premier U13 Girls SCSL
Valley FC U13 Girls U13 Girls SCSL,CVU U13 Girls U13 Girls SCSL
Valley FC U13 Girls U13 Girls SCSL,SOCA Augusta U13 Girls Premier U13 Girls SCSL
Valley FC U13 Girls U13 Girls SCSL,NRU U13 Girls U13 Girls SCSL
Valley FC U14 Girls U14 Girls SCSL,SVU U14 Girls U14 Girls SCSL
Valley FC U14 Girls U14 Girls SCSL,SOCA Cville U14 Girls Premier U14 Girls SCSL
Valley FC U14 Girls U14 Girls SCSL,CVU U14 Girls U14 Girls SCSL
Valley FC U14 Girls U14 Girls SCSL,SOCA Cville U14 Girls Classic Blue U14 Girls SCSL
Valley FC U14 Girls U14 Girls SCSL,NRU U14 Girls U14 Girls SCSL
Valley FC U15 Girls U15 Girls SCSL,SVU U15 Girls U15 Girls SCSL
Valley FC U15 Girls U15 Girls SCSL,SOCA Cville U15 Girls Premier U15 Girls SCSL
Valley FC U15 Girls U15 Girls SCSL,CVU U15 Girls U15 Girls SCSL
Valley FC U15 Girls U15 Girls SCSL,SOCA Augusta U15 Girls Premier U15 Girls SCSL
Valley FC U15 Girls U15 Girls SCSL,NRU U15 Girls U15 Girls SCSL
Valley FC U16 Girls U16 Girls SCSL,SOCA Cville U16 Girls Premier U16 Girls SCSL
Valley FC U16 Girls U16 Girls SCSL,CVU U16 Girls U16 Girls SCSL
Valley FC U16 Girls U16 Girls SCSL,NRU U16 Girls U16 Girls SCSL
Valley FC U16 Girls U16 Girls SCSL,Salem Sabres U16 Girls U16 Girls SCSL
Valley FC U17 Girls U19 Girls SCSL,SVU U19 Girls U19 Girls SCSL
Valley FC U17 Girls U19 Girls SCSL,SOCA CVille U19 Girls Premier U19 Girls SCSL
Valley FC U17 Girls U19 Girls SCSL,CVU U17 Girls U19 Girls SCSL
Valley FC U17 Girls U19 Girls SCSL,NRU U17 Girls U19 Girls SCSL
Valley FC U17 Girls U19 Girls SCSL,Madison U19 Girls U19 Girls SCSL
Valley FC U18 Girls U19 Girls SCSL,Salem Sabres U18 Girls U19 Girls SCSL
Valley FC U18 Girls U19 Girls SCSL,CVU U19 Girls U19 Girls SCSL
Valley FC U18 Girls U19 Girls SCSL,SOCA Augusta U19 Girls Premier U19 Girls SCSL
Valley FC U18 Girls U19 Girls SCSL,NRU U19 Girls U19 Girls SCSL
MONTICELLO UNITED FIRE-RED U11 Boys VSL,TIDEWATER SHARKS 2007 CITY U11 Boys VSL
RICHMOND STRIKERS 06 ELITE BLACK U12 Boys VSL,DYNAMO SC 06B WHITE U12 Boys VSL
DYNAMO SC 06B WHITE U12 Boys VSL,RICHMOND KICKERS U12 B ELITE WHITE '06 1718 U12 Boys VSL
RICHMOND STRIKERS 05 ELITE BLACK U13 Boys VSL,VA RUSH 05B NERO U13 Boys VSL
BEACH FC 05B BLACK U13 Boys VSL,YORKTOWN FC ATTACK U13 Boys VSL
BEACHFC 05B PANTHERS U13 Boys VSL,MONTICELLO UNITED FIRE U13 Boys VSL
MONTICELLO UNITED FIRE BLACK U15 Boys VSL,RSK CHESTERFIELD 03B ELITE BLUE U15 Boys VSL
VIRGINIA LEGACY SC PENINSULA TITANS U15 Boys VSL,VA RUSH 03B AZUL U15 Boys VSL
PORTSMOUTH 2002 GOLD BOYS U16 Boys VSL,OBX STORM SOCCER OBX STORM BOYS 2002 U16 Boys VSL
SMITHFIELD SC BLAZERS U16 Boys VSL,RSK CHESTERFIELD 02B ELITE BLUE U16 Boys VSL
POWHATAN FURY 01B ELITE U17 Boys VSL,VIRGINIA LEGACY SC WIZARDS GREEN 01B U17 Boys VSL
VA RUSH 99B - VSL U19 Boys VSL,POWHATAN FURY 99B U19 Boys VSL
BEACHFC 06G WHITE U12 Girls VSL,VIRGINIA BEACH CITY FC 06 ACADEMY I U12 Girls VSL
CHESAPEAKE CSC PLATINUM - SHARKNADOES U12 Girls VSL,DYNAMO SC 06G WHITE U12 Girls VSL
CHESAPEAKE CSC PLATINUM - SHARKNADOES U12 Girls VSL,VIRGINIA BEACH CITY FC 06 ACADEMY I U12 Girls VSL
CHESAPEAKE CSC PLATINUM - SHARKNADOES U12 Girls VSL,VIRGINIA LEGACY SC PHOENIX U12 Girls VSL
CHESAPEAKE CSC PLATINUM - SHARKNADOES U12 Girls VSL,DYNAMO SC 06G GREY U12 Girls VSL
VIRGINIA LEGACY SC PHOENIX U17 Girls VSL,BEACH FC 02G BLACK U17 Girls VSL
VA RUSH 01G NERO U17 Girls VSL,YORKTOWN FC ALLIANCE 01G U17 Girls VSL
RSK CHESTERFIELD 01G ELITE BLUE U17 Girls VSL,VA RUSH 01G NERO U17 Girls VSL
PORTSMOUTH 2000 GOLD GIRLS U18 Girls VSL,OLD DOMINION SC VB UNITED U18 Girls VSL
YORKTOWN FC UNITED U19 Girls VSL,VA RUSH NERO 99G U19 Girls VSL
PDA AGUERO U11 Boys EDP,CEDAR STARS ACADEMY NEWARK 2007 GREEN U11 Boys EDP
PDA AGUERO U11 Boys EDP,WAYNE SC QUICK TOUCH 2007 U11 Boys EDP
PDA AGUERO U11 Boys EDP,PRINCETON FC LIVERPOOL U11 Boys EDP
SAN JUAN BAUTISTA 2007B U11 Boys EDP,WEST MORRIS SC PREMIER 07B U11 Boys EDP
WASHINGTON UNITED ELITE '07 BOYS U11 Boys EDP,PRINCETON SA PREMIER ELITE 07 WHITE U11 Boys EDP
SAN JUAN BAUTISTA 2007B U11 Boys EDP,SubDiv A Team 3 U11 Boys EDP
FC SPORTIKA CLUB U11 Boys EDP,ROBBINSVILLE SA RAIDERS U11 Boys EDP
LIVERPOOL FCIA NEW JERSEY REDS U11 Boys EDP,NJ WILDCATS LIONS U11 Boys EDP
WESTFIELD SA COLO COLO U11 Boys EDP,MARLTON GPS NJ PREMIER 07B U11 Boys EDP
WEST NEW YORK WNY TIGERS U11 U11 Boys EDP,SubDiv A Team 4 U11 Boys EDP
STA 2007 BOYS EDP U11 Boys EDP,FC EUROPA 07' PREMIER U11 Boys EDP
WEST NEW YORK WNY TIGERS U11 U11 Boys EDP,SubDiv A Team 4 U11 Boys EDP
GLOBAL GSA 06 JERSEY CITY U12 Boys EDP,UNION CITY UNITED SOCCER FC UNITED JORGE U-12 U12 Boys EDP
BSM ELITE 06B U12 Boys EDP,UNION CITY UNITED SOCCER FC UNITED WILLIAM U12 Boys EDP
KEARNY UNITED REDS 0607 U12 Boys EDP,CLUB VALLEY 2010 LIONS U12 Boys EDP
NY STARS PREMIER SCORPIO U12 Boys EDP,PLAYERS EYE FC BOYS 2006 U12 Boys EDP
UNION CITY UNITED SOCCER FC UNITED WILLIAM U12 Boys EDP,SubDiv A Team 4 U12 Boys EDP
SubDiv A Team 4 U12 Boys EDP,CLUB VALLEY 2010 LIONS U12 Boys EDP
WESTFIELD SA UNION COUNTY FC PREMIER FLAMENGO U12 Boys EDP,STA-MUSC 2006B EDP U12 Boys EDP
CLUB VALLEY 2010 LIONS U12 Boys EDP,UNION CITY UNITED SOCCER FC UNITED WILLIAM U12 Boys EDP
CLUB VALLEY 2010 LIONS U12 Boys EDP,UNION CITY UNITED SOCCER FC UNITED JORGE U-12 U12 Boys EDP
TITANES ESTUDIANTES U12 Boys EDP,WAYNE SC QUICK TOUCH 2006 U12 Boys EDP
ARSENAL SOCCER SCHOOLS ACADEMY 2006 WRIGHT U12 Boys EDP,JERSEY CREW SC GRIFFINS U12 Boys EDP
CEDAR STARS ACADEMY BERGEN WEST U12 NOVA WHITE U12 Boys EDP,SPORTING PREMIER FC SCP 2006 U12 Boys EDP
PDA ZIDANE U12 Boys EDP,MATCH FIT ACADEMY FC PRE ECNL 06 HEAT U12 Boys EDP
WESTFIELD SA UNION COUNTY FC PREMIER FLAMENGO U12 Boys EDP,SCOTCH PLAINS FANWOOD SA SPF VANPERSIE U12 Boys EDP
UNION CITY UNITED SOCCER FC UNITED WILLIAM U12 Boys EDP,UNION CITY UNITED SOCCER FC UNITED JORGE U-12 U12 Boys EDP
SDFC 2006B YELLOW U12 Boys EDP,WAYNE SC QUICK TOUCH 2006 U12 Boys EDP
UNION CITY UNITED SOCCER FC UNITED WILLIAM U12 Boys EDP,SubDiv A Team 6 U12 Boys EDP
PDA ZIDANE U12 Boys EDP,WASHINGTON UNITED 06 U12 Boys EDP
WORLD CLASS FC '06 NJ WHITE U12 Boys EDP,CLARKSTOWN 2006 WHITE U12 Boys EDP
PDA ZIDANE U12 Boys EDP,FC COPA ACADEMY B06 BLACK U12 Boys EDP
SubDiv A Team 5 U12 Boys EDP,UNION CITY UNITED SOCCER FC UNITED JORGE U-12 U12 Boys EDP
MERAKI F.C. PRE ACADEMY 2006 U12 Boys EDP,EPIC SPORTING STARS 2006/2007 BLUE U12 Boys EDP
ELIZABETH YSC LIONS U12 Boys EDP,CEDAR STARS ACADEMY NEWARK 2006 WHITE U12 Boys EDP
DUTCH ELITE '05 BOYS U13 Boys EDP,JERSEY CREW SC JAGUARS U13 Boys EDP
SubDiv A Team 3 U13 Boys EDP,WEST NEW YORK S.C. WNY TIGERS U13 U13 Boys EDP
HENLOPEN STINGRAYS U13 Boys EDP,EWING UNITED FORCE U13 Boys EDP
EAST BRUNSWICK STA TITANS U13 Boys EDP,CLUB VALLEY 2010 DREAM CHASERS U13 Boys EDP
UNIVERSAL USCSOCCER05 U13 Boys EDP,FREEHOLD SL SCORPIONS BLUE U13 Boys EDP
JERSEY UNITED SOCCER SPARTANS 05B U13 Boys EDP,JERSEY STARS JUVENTUS U13 Boys EDP
FC SPORTIKA ACADEMY 2005B U13 Boys EDP,NJ WILDCATS UNION U13 Boys EDP
OLD BRIDGE SL CREW U13 Boys EDP,ELITE PLAINFIELD ELITE REVOLUTION U13 Boys EDP
WEST NEW YORK S.C. WNY TIGERS U13 U13 Boys EDP,EAST BRUNSWICK STA TITANS U13 Boys EDP
FC SPORTIKA ACADEMY 2005B U13 Boys EDP,WSC ELITE BREAKERS U13 Boys EDP
DEPTFORD PREMIER FC '05 THUNDER U13 Boys EDP,CEDAR STARS ACADEMY MONMOUTH B-2005 GREEN U13 Boys EDP
WATCHUNG HILLS NJ ELITE 2005B PSV U13 Boys EDP,CEDAR STARS ACADEMY BERGEN 2005 GREEN U13 Boys EDP
UNION CITY UNITED SOCCER FC UNITED SAUL U-14 U14 Boys EDP,WEST NEW YORK S.C. WNY TIGERS U14 U14 Boys EDP
SubDiv A Team 4 U14 Boys EDP,UNION CITY UNITED SOCCER FC UNITED SAUL U-14 U14 Boys EDP
WEST NEW YORK S.C. WNY TIGERS U14 U14 Boys EDP,A.S. JUNIOR ELITE - 2004 BOYS U14 Boys EDP
PDA HIBERNIAN DRAXLER U14 Boys EDP,WAYNE SC QUICK TOUCH 2004 U14 Boys EDP
WEST NEW YORK S.C. WNY TIGERS U14 U14 Boys EDP,AC MILAN OF N J AC MILAN U14 Boys EDP
CEDAR STARS ACADEMY BERGEN 2004 U14 Boys EDP,PARSIPPANY SC 2004 BOYS ACADEMY BLUE U14 Boys EDP
YMS PREMIER THUNDER 04 U14 Boys EDP,LOWER MERION AMBUSH U14 Boys EDP
FC SPORTIKA PRE-ACADEMY 2004B U14 Boys EDP,PHILADELPHIA UKRAINIAN NATIONALS 04 RED U14 Boys EDP
HMMS FC ATLETICO U14 Boys EDP,DELAWARE FOOTBALL DEFC 04 BOYS U14 Boys EDP
LAKE GROVE NEWFIELD SC DYNAMITE U15 Boys EDP,DEN OF LIONS GUNNERS U15 Boys EDP
ABINGDON FOOTBALL FURY U15 Boys EDP,LA PLATA SPARTANS 03/04 U15 Boys EDP
NJ WILDCATS 04 U15 Boys EDP,NJ WILDCATS WAVE UNITED U15 Boys EDP
AMERICAS UNITED MANCHESTER U15 Boys EDP,VALENCIA CF ACADEMY NY 2003 WHITE U15 Boys EDP
MARYLAND RUSH RUSH 03B U15 Boys EDP,ASA FC ATLETICO JUVENIL 03 U15 Boys EDP
NIRVANA 360 MILAN 03 U15 Boys EDP,VALENCIA CF ACADEMY NY 2003 BLACK U15 Boys EDP
WESTFIELD SA MONTERREY U15 Boys EDP,SPORTING PREMIER FC SCP 2003 U15 Boys EDP
WSC RANGERS U15 Boys EDP,FC SPORTIKA 2003 BOYS U15 Boys EDP
HOLMDEL FC NJX VALENCIA U15 Boys EDP,SCOTCH PLAINS FANWOOD SA SPF RONALDO U15 Boys EDP
LIGHTHOUSE SOCCER 2002'S U16 Boys EDP,SOLEBURY SC SSC FURY U16 Boys EDP
PARKLAND AREA PASC RED DEVILS U16 Boys EDP,SOMERSET COUNTY FC PIT 02B U16 Boys EDP
LAWRENCE HAMNETT SA LIONS U16 Boys EDP,BUCKINGHAM UNITED BLUE 2002 U16 Boys EDP
OCEAN TOWNSHIP UNITED SA 02 ELITE U16 Boys EDP,LAWRENCE HAMNETT SA LIONS U16 Boys EDP
PDA SHORE BAGGIO 2001 U17 Boys EDP,WEST NEW YORK S.C. WNY TIGER 01-02 U17 Boys EDP
FAIRMOUNT UNITED PHILLY SOCCER 2001 BOYS BLUE U17 Boys EDP,LIVERPOOL FCIA REDS U17 Boys EDP
BOUND BROOK FC B.B LEGENDS U17 Boys EDP,PA RUSH '01 U17 Boys EDP
LIVERPOOL FCIA REDS U17 Boys EDP,OCEAN TOWNSHIP UNITED SA 01/02 ELITE WHITE U17 Boys EDP
MONMOUTH UNITED SC STRIKERS U17 Boys EDP,LIVERPOOL FCIA REDS U17 Boys EDP
LIVERPOOL FCIA REDS U17 Boys EDP,SWSA CYCLONES U17 Boys EDP
FC SPORTIKA 2001 BOYS U17 Boys EDP,OCEAN TOWNSHIP UNITED SA 01 ELITE RED U17 Boys EDP
FCUSA MARYLAND BLACK 01 U17 Boys EDP,ALLIANCE (ARGONAUTS) PREMIER 01 U17 Boys EDP
MONMOUTH UNITED SC KNIGHTS U19 Boys EDP,NIRVANA 360 FC CITY '00 U19 Boys EDP
FA EURO NEW YORK 2000 U19 Boys EDP,NEW YORK SURF SC GOLDEN TOUCH 99B ACADEMY U19 Boys EDP
NEW YORK SURF SC GOLDEN TOUCH 99B ACADEMY U19 Boys EDP,FA EURO NEW YORK 2000 U19 Boys EDP
COUNCIL ROCK UNITED FC BUCKS WARRIORS U19 Boys EDP,VALENCIA CF ACADEMY NY 2000 BLACK U19 Boys EDP
TSF ACADEMY 2007G U11 Girls EDP,CLARKSTOWN '07 ELITE SAMIMI U11 Girls EDP
TSF ACADEMY 2007G U11 Girls EDP,WORLD CLASS FC REVOLUTION RED U11 Girls EDP
NIRVANA 360 FREEDOM U12 Girls EDP,JERSEY CREW SC LYNX U12 Girls EDP
FC COPA ACADEMY G06 BLACK U12 Girls EDP,CENTERCOURT FC 06G GREEN U12 Girls EDP
YMS FREEDOM 06 U12 Girls EDP,NEW JERSEY RUSH 06 GREY U12 Girls EDP
TSF ACADEMY 2006G U12 Girls EDP,WIZARDS SPORTS ISTA ELITE U12 Girls EDP
PASCO TIMBERS U12 Girls EDP,JERSEY CREW SC CHEETAHS U12 Girls EDP
WESTFIELD SA UNION COUNTY FC PREMIER SAO PAULO U12 Girls EDP,MORRIS ELITE 06G EDP U12 Girls EDP
NIRVANA 360 FREEDOM U12 Girls EDP,EDISON UNITED SA REAL BLAST U12 Girls EDP
TSF ACADEMY 2006G U12 Girls EDP,CEDAR STARS ACADEMY BEGEN 2006 GREEN U12 Girls EDP
WESTFIELD SA UNION COUNTY FC PREMIER SAO PAULO U12 Girls EDP,HOLMDEL FC NJX FLASH U12 Girls EDP
SDFC 2006G YELLOW U12 Girls EDP,STA 2006G EDP U12 Girls EDP
TSF ACADEMY 2006G U12 Girls EDP,CENTERCOURT FC 06 GREEN'S U12 Girls EDP
MATCH FIT MONTCLAIR UNITED 2006 GIRLS U12 Girls EDP,WEST MORRIS SC PREMIER 06G U12 Girls EDP
CEDAR STARS ACADEMY BERGEN 2005 GREEN U13 Girls EDP,CENTERCOURT FC 05 GREEN U13 Girls EDP
CEDAR STARS ACADEMY BERGEN 2005 GREEN U13 Girls EDP,A-GAME 2005 U13 Girls EDP
CEDAR STARS ACADEMY MORRIS COUNTY 2005 U13 Girls EDP,NEXT LEVEL SA 05 GIRLS U13 Girls EDP
LDC UNITED LDC IMPACT 05 U13 Girls EDP,SAC PREMIER BLUE 05 U13 Girls EDP
PRINCETON SA PREMIER ELITE 05 U13 Girls EDP,WEST MORRIS SC PREMIER 05 RED U13 Girls EDP
BEEKMAN FIRE ELITE U14 Girls EDP,LEVITTOWN LADY GALAXY U14 Girls EDP
TSF ACADEMY 2004G U14 Girls EDP,TWIN COUNTY SA SKY BLUE 2004 U14 Girls EDP
VILLAGE OF THE BRANCH G04 UNITED U14 Girls EDP,BEEKMAN FIRE ELITE U14 Girls EDP
NIRVANA 360 COURAGE U14 Girls EDP,NYXFC NYXTREME U14 Girls EDP
SPORTFRIENDS SC BANSHEES U14 Girls EDP,BERKELEY HEIGHTS YSC UNITED U14 Girls EDP
SPORTFRIENDS SC BANSHEES U14 Girls EDP,WAYNE BOYS AND GIRLS PIRO U14 Girls EDP
TSF ACADEMY 2004G U14 Girls EDP,ARSENAL ORDNANCE U14 Girls EDP
VILLAGE OF THE BRANCH G04 UNITED U14 Girls EDP,CONNECTICUT FC CFC SOUTH ORANGE 2004 U14 Girls EDP
BEEKMAN FIRE ELITE U14 Girls EDP,SOUTH CENTRAL PREMIER U14 Girls EDP
BEEKMAN FIRE ELITE U14 Girls EDP,CFC SOUND 2004 U14 Girls EDP
CONNECTICUT FC CFC SOUTH ORANGE 2004 U14 Girls EDP,BEEKMAN FIRE ELITE U14 Girls EDP
SPORTFRIENDS SC BANSHEES U14 Girls EDP,CENTERCOURT FC 04 BLUE U14 Girls EDP
PARSIPPANY SC 2003 ACADEMY BLUE U15 Girls EDP,PDA SHORE SURF U15 Girls EDP
PDA SHORE SURF U15 Girls EDP,JERSEY SOUTH FC GALAXY U15 Girls EDP
EAST BRUNSWICK SC STRIKERS FC U15 Girls EDP,BROOKLYN CITY F.C. G03 U15 Girls EDP
MAINLAND UNITED SA AMBUSH U15 Girls EDP,FOX CHASE ARMADA U15 Girls EDP
TBA U15 Girls EDP,PENN FUSION SA PREACADEMY 2003 (RADU) U15 Girls EDP
PATRIOT FC 03 RED U15 Girls EDP,EAST BRUNSWICK SC STRIKERS FC U15 Girls EDP
WATCHUNG HILLS NJ ELITE 2002G FUSION U16 Girls EDP,FC BERNA LEGACY 02G BLACK U16 Girls EDP
YMS HEAT U16 Girls EDP,WARRINGTON WHITE WILDCATS U16 Girls EDP
PATRIOT FC RED DRAGONS U16 Girls EDP,YMS HEAT U16 Girls EDP
MD RUSH MONTGOMERY RUSH '01G U17 Girls EDP,SAC PREMIER BLUE U17 Girls EDP
FC BERNA LEGACY 01G BLACK U17 Girls EDP,YMS PREMIER 01 BANSHEES U17 Girls EDP
PENN ALLIANCE SELECT BLACK LIGHTNING U19 Girls EDP,HMMS EAGLE FC VILLA '99 U19 Girls EDP
MANALAPAN MAYHEM U19 Girls EDP,PENN FUSION SA PREACADEMY 2000 (BISSETT) U19 Girls EDP
PENN FUSION SA PREACADEMY 2000 (BISSETT) U19 Girls EDP,PHILADELPHIA UKRAINIAN NATIONALS VORSKLA BLACK U19 Girls EDP
SAN JUAN BAUTISTA 2007B U11 Boys EDP,WEST NEW YORK WNY TIGERS U11 U11 Boys EDP
SAN JUAN BAUTISTA 2007B U11 Boys EDP,WEST NEW YORK WNY TIGERS U11 U11 Boys EDP
PDA AGUERO U11 Boys EDP,MARLBORO SA 2007 GUNNERS BLUE U11 Boys EDP
AMERICAS UNITED PARIS SAINT-GERMAIN U11 Boys EDP,WIZARDS SPORTS MADRID U11 Boys EDP
NY STARS PREMIER GRAVITY U11 Boys EDP,PLAYERS EYE FC BOYS 2007 U11 Boys EDP
WEST MORRIS SC PREMIER 07B U11 Boys EDP,WEST NEW YORK WNY TIGERS U11 U11 Boys EDP
WESTFIELD SA COLO COLO U11 Boys EDP,ELITE PLAINFIELD CREW U11 Boys EDP
WEST NEW YORK WNY TIGERS U11 U11 Boys EDP,SubDiv A Team 4 U11 Boys EDP
WESTFIELD SA COLO COLO U11 Boys EDP,EAST BRUNSWICK SC STA LIVERPOOL U11 Boys EDP
SubDiv A Team 3 U11 Boys EDP,SAN JUAN BAUTISTA 2007B U11 Boys EDP
PDA AGUERO U11 Boys EDP,PRINCETON SA PREMIER ELITE 07 ORANGE U11 Boys EDP
EAST BRUNSWICK SC STA LIVERPOOL U11 Boys EDP,BORDENTOWN FC FUEL U11 Boys EDP
WEST NEW YORK WNY TIGERS U11 U11 Boys EDP,SAN JUAN BAUTISTA 2007B U11 Boys EDP
HANS SOLIZ SOCCER SCHOOL UNITED U12 Boys EDP,CLUB VALLEY 2010 LIONS U12 Boys EDP
UNION CITY UNITED SOCCER FC UNITED JORGE U-12 U12 Boys EDP,JERSEY KNIGHTS SC SIEGE U12 Boys EDP
PDA ZIDANE U12 Boys EDP,CEDAR STARS ACADEMY BERGEN 2006 GREEN U12 Boys EDP
HILLSBOROUGH 06B RAIDERS RED U12 Boys EDP,UNION CITY UNITED SOCCER FC UNITED WILLIAM U12 Boys EDP
XAFC NJ GREEN U12 Boys EDP,MIDDLETOWN SC ATTACK BLACK U12 Boys EDP
UNION CITY UNITED SOCCER FC UNITED JORGE U-12 U12 Boys EDP,UNION CITY UNITED SOCCER FC UNITED WILLIAM U12 Boys EDP
PDA ZIDANE U12 Boys EDP,FC EUROPA 06' ELITE U12 Boys EDP
SDFC 2006B YELLOW U12 Boys EDP,DEN OF LIONS SPORTING ELITE U12 Boys EDP
TSF ACADEMY 2006B EDP U12 Boys EDP,CEDAR STARS ACADEMY STATEN ISLAND 2006 CRYUFF U12 Boys EDP
MODERN SA KNIGHTS U12 Boys EDP,NIRVANA 360 BAYERN YELLOW U12 Boys EDP
UNION CITY UNITED SOCCER FC UNITED JORGE U-12 U12 Boys EDP,CLUB VALLEY 2010 LIONS U12 Boys EDP
ELIZABETH YSC LIONS U12 Boys EDP,FC COPA ACADEMY B06 RED U12 Boys EDP
CEDAR STARS ACADEMY BERGEN 2006 GREEN U12 Boys EDP,CEDAR STARS ACADEMY NEWARK 2006 GREEN U12 Boys EDP
TITANES ESTUDIANTES U12 Boys EDP,SDFC 2006B YELLOW U12 Boys EDP
WESTFIELD SA UNION COUNTY FC PREMIER FLAMENGO U12 Boys EDP,CEDAR STARS ACADEMY STATEN ISLAND 2006 CRYUFF U12 Boys EDP
UNION CITY UNITED SOCCER FC UNITED WILLIAM U12 Boys EDP,CLUB VALLEY 2010 LIONS U12 Boys EDP
TSF ACADEMY 2006B EDP U12 Boys EDP,TORPEDOES SC DUKA U12 Boys EDP
ELIZABETH YSC LIONS U12 Boys EDP,BRIDGEWATER SA BAYERN U12 Boys EDP
SubDiv A Team 5 U12 Boys EDP,UNION CITY UNITED SOCCER FC UNITED JORGE U-12 U12 Boys EDP
BUCKINGHAM UNITED BLUE 2006 U12 Boys EDP,YMS CELTIC 06 U12 Boys EDP
CLUB VALLEY 2010 LIONS U12 Boys EDP,ELIZABETH YSC LIONS U12 Boys EDP
UNION CITY UNITED SOCCER FC UNITED WILLIAM U12 Boys EDP,SubDiv A Team 6 U12 Boys EDP
CEDAR STARS ACADEMY BERGEN WEST U12 NOVA WHITE U12 Boys EDP,FC COPA ACADEMY B06 RED U12 Boys EDP
WEST NEW YORK S.C. WNY TIGERS U13 U13 Boys EDP,CLUB VALLEY 2010 DREAM CHASERS U13 Boys EDP
CLUB VALLEY 2010 DREAM CHASERS U13 Boys EDP,WEST NEW YORK S.C. WNY TIGERS U13 U13 Boys EDP
OLD BRIDGE SL CREW U13 Boys EDP,FA EURO NEW YORK 2005/2006 U13 Boys EDP
CLUB VALLEY 2010 DREAM CHASERS U13 Boys EDP,WAYNE SC MILAN 2005-2006 U13 Boys EDP
DEPTFORD PREMIER FC '05 THUNDER U13 Boys EDP,FC EUROPA 06' ELITE - 11 V 11 U13 Boys EDP
FUSA ARSENAL U13 Boys EDP,FUTURE_SA_05 U13 Boys EDP
SPORTING PREMIER FC SCP NIGHTHAWKS 05 U13 Boys EDP,JERSEY STARS JUVENTUS U13 Boys EDP
WEST NEW YORK S.C. WNY TIGERS U13 U13 Boys EDP,TSF ACADEMY 2005B WHITE U13 Boys EDP
EAST BRUNSWICK STA TITANS U13 Boys EDP,AMERICAS UNITED CELTIC U13 Boys EDP
SPORTING PREMIER FC SCP NIGHTHAWKS 05 U13 Boys EDP,FA EURO NEW YORK 2005/2006 U13 Boys EDP
SubDiv A Team 4 U13 Boys EDP,CLUB VALLEY 2010 DREAM CHASERS U13 Boys EDP
DUTCH ELITE '05 BOYS U13 Boys EDP,STRONGHOLD SC CHELSEA U13 Boys EDP
TBA U13 Boys EDP,EPIC SPORTING STARS 2005 BLUE U13 Boys EDP
DEPTFORD PREMIER FC '05 THUNDER U13 Boys EDP,FCUSA PHILADELPHIA 2005 BOYS BLACK U13 Boys EDP
WEST NEW YORK S.C. WNY TIGERS U13 U13 Boys EDP,SubDiv A Team 3 U13 Boys EDP
PARSIPPANY SC 2005 BOYS ACADEMY BLUE U13 Boys EDP,PHILADELPHIA UKRAINIAN NATIONALS '05 BLACK U13 Boys EDP
NJ STALLIONS ACADEMY 04 ROMA EDP U14 Boys EDP,CEDAR STARS ACADEMY BERGEN WEST U14 FLASH GREEN U14 Boys EDP
WEST NEW YORK S.C. WNY TIGERS U14 U14 Boys EDP,UNION CITY UNITED SOCCER FC UNITED SAUL U-14 U14 Boys EDP
PDA HIBERNIAN DRAXLER U14 Boys EDP,IRONBOUND SC 04RED-BARCA U14 Boys EDP
LOWER MERION INVICTUS U14 Boys EDP,SJEB RUSH 04 BOYS ACADEMY U14 Boys EDP
UNION CITY UNITED SOCCER FC UNITED SAUL U-14 U14 Boys EDP,SFL REVOLUTION U14 Boys EDP
NJ STALLIONS ACADEMY 04 ROMA EDP U14 Boys EDP,WAYNE SC PSG ST GERMAIN U14 Boys EDP
AMERICAS UNITED AJAX U14 Boys EDP,HILLSBOROUGH 04B RAIDERS RED U14 Boys EDP
SAC BALTIMORE ARMOUR PREACADEMY U14 Boys EDP,JOGA SC JOGA 2004/2005 U14 Boys EDP
DELAWARE FOOTBALL DEFC 04 BOYS U14 Boys EDP,FC EUROPA 04' ELITE U14 Boys EDP
NY STARS PREMIER GALAXY U14 Boys EDP,BEACHSIDE OF CONNECTICUT SC BOYS 2004 U14 Boys EDP
FC EUROPA 04' ELITE U14 Boys EDP,HMMS FC ATLETICO U14 Boys EDP
DEN OF LIONS UNITED U14 Boys EDP,FC EUROPA SA UNITED U14 Boys EDP
AMERICAS UNITED MANCHESTER U15 Boys EDP,TSF ACADEMY 2004B U15 Boys EDP
DEPTFORD PREMIER FC '03/'04 BOYS U15 Boys EDP,BURLINGTON COUNTY BCSA BOYS 2003 U15 Boys EDP
NJ WILDCATS 04 U15 Boys EDP,MONROE TOWNSHIP YOUTH SOCCER MONROE 3 LIONS LAMPARD U15 Boys EDP
NJ WILDCATS 04 U15 Boys EDP,HADDONFIELD SC 03 RED DAWGS U15 Boys EDP
PENINSULA UNITED EAGLES U15 Boys EDP,UNION COUNTY FC PREMIER UCFC ZURICH U15 Boys EDP
CEDAR STARS ACADEMY - MONMOUTH 2003B GREEN U15 Boys EDP,DUSC B2003 BLUE U15 Boys EDP
LEHIGH VALLEY UNITED LVU 2003 BOYS BLACK U15 Boys EDP,YARDLEY MAKEFIELD SOCCER PREMIER '03 CELTIC-1967 U15 Boys EDP
HENLOPEN HAMMERHEADS U15 Boys EDP,ASA DMV ELITE '03 U15 Boys EDP
SOMERSET COUNTY FC PIT 02B U16 Boys EDP,PARKLAND AREA PASC RED DEVILS U16 Boys EDP
BRAUSA UNITED FUTEBOL BLUE 02 U16 Boys EDP,SAC B2002 PREMIER BLUE U16 Boys EDP
SOMERSET COUNTY FC PIT 02B U16 Boys EDP,COUNCIL ROCK UNITED FC BUCKS STORM U16 Boys EDP
FC BERNA LEGACY 02B GOLD U16 Boys EDP,HULMEVILLE SC HORNETS U16 Boys EDP
PHILADELPHIA UKRAINIAN NATIONALS ZORIA RED U16 Boys EDP,LAWRENCE HAMNETT SA LIONS U16 Boys EDP
PDA SHORE 2002 SUAREZ U16 Boys EDP,AMERICAS UNITED ARSENAL U16 Boys EDP
SOMERSET COUNTY FC PIT 01B U17 Boys EDP,WEST NEW YORK S.C. WNY TIGER 01-02 U17 Boys EDP
DELAWARE FOOTBALL DEFC 01 BOYS U17 Boys EDP,KIRKWOOD KSC '01 BLUE U17 Boys EDP
MT OLIVE SC PREMIER BLACK 01 U17 Boys EDP,VALENCIA 01/02 BLACK U17 Boys EDP
SOMERSET COUNTY FC PIT 01B U17 Boys EDP,PDA SHORE BAGGIO 2001 U17 Boys EDP
SWSA CYCLONES U17 Boys EDP,FAIRMOUNT UNITED PHILLY SOCCER 2001 BOYS BLUE U17 Boys EDP
SWSA CYCLONES U17 Boys EDP,DONEGAL YOUTH SOCCER THUNDER '01 U17 Boys EDP
FORT WASHINGTON FC UNITED U19 Boys EDP,CAPITAL FC 99B RED (DIPLOMATS) U19 Boys EDP
MT OLIVE SC PREMIER RED U19 Boys EDP,GERMAN AMERICAN KICKERS AZZURRI U19 Boys EDP
GERMAN AMERICAN KICKERS AZZURRI U19 Boys EDP,MANALAPAN HEAT U19 Boys EDP
MONMOUTH UNITED SC KNIGHTS U19 Boys EDP,PISCATAWAY SC LAZIO U19 Boys EDP
SOMERSET COUNTY FC PIT 00B U19 Boys EDP,DUSC B2000 ORANGE U19 Boys EDP
TSF ACADEMY 2007G U11 Girls EDP,STA 2007G NPL U11 Girls EDP
NEW YORK SC ELITE G07 EDP U11 Girls EDP,SABA NYC G07 U11 Girls EDP
NJ WILDCATS F.C. STRIKERS U11 Girls EDP,MONROE TOWNSHIP SC 07 PURPLE MENACE U11 Girls EDP
CENTERCOURT FC 07G GREEN U11 Girls EDP,FC COPA ACADEMY G07 BLACK U11 Girls EDP
NIRVANA 360 FREEDOM U12 Girls EDP,FC BERNA LEGACY 06G U12 Girls EDP
CEDAR STARS ACADEMY BERGEN 2006 GIRLS BLACK U12 Girls EDP,A-GAME 2006 U12 Girls EDP
CEDAR STARS ACADEMY BERGEN 2006 GIRLS BLACK U12 Girls EDP,FC COPA ACADEMY G06 BLACK U12 Girls EDP
EAST HANOVER PESA TORCIDA U12 Girls EDP,BROOKLYN CITY F.C. 2006 U12 Girls EDP
CEDAR STARS ACADEMY BERGEN 2006 GIRLS BLACK U12 Girls EDP,WORLD CLASS FC '06 NJ RED U12 Girls EDP
YMS FREEDOM 06 U12 Girls EDP,PENN LEGACY 06 BLACK F U12 Girls EDP
TSF ACADEMY 2006G U12 Girls EDP,GPS NJ CENTRAL 06G RED U12 Girls EDP
NIRVANA 360 FREEDOM U12 Girls EDP,WEST MORRIS SC PREMIER 06G U12 Girls EDP
YMS FREEDOM 06 U12 Girls EDP,WARRINGTON FC STRIKERS U12 Girls EDP
STA 2006G NPL U12 Girls EDP,PRINCETON SA PREMIER ELITE 06 ORANGE U12 Girls EDP
WESTFIELD SA UNION COUNTY FC PREMIER SAO PAULO U12 Girls EDP,FISHTOWN AC FUSION 06/07 U12 Girls EDP
FC COPA ACADEMY G06 RED U12 Girls EDP,PRINCETON SA PREMIER ELITE 06 WHITE U12 Girls EDP
CEDAR STARS ACADEMY BERGEN 2006 GIRLS BLACK U12 Girls EDP,STA 2006G NPL U12 Girls EDP
PRINCETON SA PREMIER ELITE 06 ORANGE U12 Girls EDP,LIVERPOOL FCIA REDS U12 Girls EDP
PRINCETON SA PREMIER ELITE 06 ORANGE U12 Girls EDP,NJ WILDCATS ADAMS-NPL U12 Girls EDP
NEW YORK SC ELITE G06 EDP U12 Girls EDP,CEDAR STARS ACADEMY BEGEN 2006 GREEN U12 Girls EDP
TSF ACADEMY 2005G U13 Girls EDP,WORLD CLASS FC '06 X-TREME U13 Girls EDP
CEDAR STARS ACADEMY BERGEN 2005 GREEN U13 Girls EDP,FARMINGDALE SC REBELS UNITED U13 Girls EDP
FARMINGDALE SC REBELS UNITED U13 Girls EDP,NEW YORK SURF G05 U13 Girls EDP
CEDAR STARS ACADEMY BERGEN 2005 GREEN U13 Girls EDP,ELIZABETH YSC REVOLUTION U13 Girls EDP
CEDAR STARS ACADEMY BERGEN 2005 GREEN U13 Girls EDP,ALLEYCATS ACADEMY PRE-NPL RED 2005G U13 Girls EDP
FC EUROPA 05G ELITE U13 Girls EDP,WARRINGTON 2005 UNITED U13 Girls EDP
NIRVANA 360 COURAGE U14 Girls EDP,SPORTFRIENDS SC BANSHEES U14 Girls EDP
TSF ACADEMY 2004G U14 Girls EDP,WESTFIELD SA UNION COUNTY FC PREMIER DERBY U14 Girls EDP
PRINCETON SA PREMIER ELITE 04 NORTH U14 Girls EDP,WATCHUNG HILLS NJ ELITE 2004G RISING STARS U14 Girls EDP
VILLAGE OF THE BRANCH G04 UNITED U14 Girls EDP,CT RUSH ELITE 04 GIRLS U14 Girls EDP
MONMOUTH COAST FC SHOREBREAKERS U14 Girls EDP,PISCATAWAY SC LIGHTNING U14 Girls EDP
LAKEHURST MANCHESTER SA BLUE STORM U14 Girls EDP,WEST MORRIS SC PREMIER 04G U14 Girls EDP
NIRVANA 360 COURAGE U14 Girls EDP,CEDAR STARS ACADEMY HUDSON VALLEY 2004 U14 Girls EDP
MONTCLAIR UNITED 2004 GIRLS U14 Girls EDP,LAKEHURST MANCHESTER SA BLUE STORM U14 Girls EDP
SPORTFRIENDS SC BANSHEES U14 Girls EDP,WEST MORRIS SC PREMIER 04G U14 Girls EDP
NIRVANA 360 COURAGE U14 Girls EDP,BLACK ROCK FC 2004 GIRLS U14 Girls EDP
MAINLAND UNITED SA AMBUSH U15 Girls EDP,DELRAN STARS U15 Girls EDP
MAROONS-MCCLUSKEY 03/04 U15 Girls EDP,FCUSA NEW JERSEY 2003/04 GIRLS U15 Girls EDP
SFL MORGAN U15 Girls EDP,SCOTCH PLAINS FANWOOD SA SPF HEATH U15 Girls EDP
TSF ACADEMY 2001G U16 Girls EDP,FC BERNA LEGACY 02G BLACK U16 Girls EDP
HARRISON SC EXTREME U16 Girls EDP,MAPLE SHADE SADS U16 Girls EDP
MONROE TOWNSHIP YS UNITED 02 U16 Girls EDP,HARRISON SC EXTREME U16 Girls EDP
HMMS EAGLE FC VILLA '99 U19 Girls EDP,PHILADELPHIA UKRAINIAN NATIONALS VORSKLA BLACK U19 Girls EDP
RICHMOND STRIKERS 07 ELITE U11 Boys VA NPL,FC VIRGINIA ELITE 07 U11 Boys VA NPL
PWSI COURAGE 07B NPL U11 Boys VA NPL,CHANTILLY YOUTH SOCCER CYA 07B PURPLE U11 Boys VA NPL
FC VIRGINIA UNITED ELITE 06B U12 Boys VA NPL,VIRGINIA VSA 06B PRE ACADEMY NPL U12 Boys VA NPL
PWSI COURAGE 06B NPL U12 Boys VA NPL,CHANTILLY YOUTH 06 B PURPLE U12 Boys VA NPL
TIDEWATER SHARKS 2005 UNITED U13 Boys VA NPL,ANNANDALE UNITED FC 05 U13 Boys VA NPL
TIDEWATER SHARKS 2005 UNITED U13 Boys VA NPL,GREAT FALLS 05 UNITED BLUE U13 Boys VA NPL
TIDEWATER SHARKS 2004 UNITED U14 Boys VA NPL,AUFC ANNANDALE UNITED FC 04 U14 Boys VA NPL
TIDEWATER SHARKS 2004 UNITED U14 Boys VA NPL,GREAT FALLS 04B BLUE U14 Boys VA NPL
GSC SPIRIT NPL 07 U11 Girls VA NPL,AUFC ANNANDALE UNITED FC 07G U11 Girls VA NPL
RICHMOND KICKERS U11 G ELITE RED '07 U11 Girls VA NPL,VIRGINIA VSA 07G PRE ACADEMY NPL U11 Girls VA NPL
FC VIRGINIA UNITED ELITE 06 U12 Girls VA NPL,VIRGINIA VSA 06G PRE ACADEMY NPL U12 Girls VA NPL
GSC SPIRIT NPL 06 U12 Girls VA NPL,ANNANDALE UNITED FC AUFC 06 G U12 Girls VA NPL
RICHMOND KICKERS U12G ELITE RED '06 U12 Girls VA NPL,VIRGINIA VSA 06G PRE ACADEMY NPL U12 Girls VA NPL
PWSI COURAGE 06G NPL U12 Girls VA NPL,CYA PURPLE 06G U12 Girls VA NPL
GSC SPIRIT NPL 05 U13 Girls VA NPL,ANNANDALE UNITED FOOTBALL 2005 AUFC REIGN U13 Girls VA NPL
RICHMOND KICKERS U13 G ELITE '05 U13 Girls VA NPL,VIRGINIA VSA 05G PRE ACADEMY NPL U13 Girls VA NPL
TIDEWATER SHARKS 2004 GIRLS U14 Girls VA NPL,AUFC ANNANDALE UNITED FC 04G U14 Girls VA NPL
TIDEWATER SHARKS 2004 GIRLS U14 Girls VA NPL,GREAT FALLS AA COURAGE NPL U14 Girls VA NPL
PWSI COURAGE 99/00G NPL U19 Girls VA NPL,VYS PHOENIX '00 U19 Girls VA NPL
Montreal Impact FC U-16/17 Boys USDA,FC Westchester Armour U-16/17 Boys USDA
Montreal Impact FC U-15 Boys USDA,FC Westchester Armour U-15 Boys USDA
Montreal Impact FC U-18/19 Boys USDA,FC Westchester Armour U-18/19 Boys USDA
Vancouver Whitecaps FC U-15 Boys USDA,Portland Timbers U-15 Boys USDA
Vancouver Whitecaps FC U-16/17 Boys USDA,Portland Timbers U-16/17 Boys USDA
Vancouver Whitecaps FC U-18/19 Boys USDA,Portland Timbers U-18/19 Boys USDA
Montreal Impact FC U-15 Boys USDA,New England Revolution U-15 Boys USDA
Montreal Impact FC U-16/17 Boys USDA,New England Revolution U-16/17 Boys USDA
Montreal Impact FC U-18/19 Boys USDA,New England Revolution U-18/19 Boys USDA
Montreal Impact FC U-15 Boys USDA,Cedar Stars Academy - Bergen U-15 Boys USDA
Montreal Impact FC U-16/17 Boys USDA,Oakwood Soccer Club U-16/17 Boys USDA
Vancouver Whitecaps FC U-15 Boys USDA,Crossfire Premier U-15 Boys USDA
Montreal Impact FC U-15 Boys USDA,Oakwood Soccer Club U-15 Boys USDA
Montreal Impact FC U-18/19 Boys USDA,Oakwood Soccer Club U-18/19 Boys USDA
San Francisco Glens Evolution U-12 Boys USDA,Silicon Valley Soccer Academy U-12 Boys USDA
Vancouver Whitecaps FC U-16/17 Boys USDA,Crossfire Premier U-16/17 Boys USDA
San Francisco Glens Evolution U-12 Boys USDA,Silicon Valley Soccer Academy U-12 Boys USDA
Vancouver Whitecaps FC U-18/19 Boys USDA,Crossfire Premier U-18/19 Boys USDA
Montreal Impact FC U-15 Boys USDA,Beachside Soccer Club CT U-15 Boys USDA
Montreal Impact FC U-16/17 Boys USDA,Beachside Soccer Club CT U-16/17 Boys USDA
Montreal Impact FC U-18/19 Boys USDA,Beachside Soccer Club CT U-18/19 Boys USDA
Montreal Impact FC U-15 Boys USDA,New York City FC U-15 Boys USDA
Vancouver Whitecaps FC U-15 Boys USDA,Silicon Valley Soccer Academy U-15 Boys USDA
Montreal Impact FC U-16/17 Boys USDA,New York City FC U-16/17 Boys USDA
Vancouver Whitecaps FC U-16/17 Boys USDA,Silicon Valley Soccer Academy U-16/17 Boys USDA
Montreal Impact FC U-18/19 Boys USDA,New York City FC U-18/19 Boys USDA
Vancouver Whitecaps FC U-18/19 Boys USDA,Silicon Valley Soccer Academy U-18/19 Boys USDA
Vancouver Whitecaps FC U-15 Boys USDA,San Jose Earthquakes U-15 Boys USDA
Vancouver Whitecaps FC U-16/17 Boys USDA,San Jose Earthquakes U-16/17 Boys USDA
Vancouver Whitecaps FC U-18/19 Boys USDA,San Jose Earthquakes U-18/19 Boys USDA
Montreal Impact FC U-15 Boys USDA,BW Gottschee Academy U-15 Boys USDA
Montreal Impact FC U-16/17 Boys USDA,BW Gottschee Academy U-16/17 Boys USDA
Montreal Impact FC U-18/19 Boys USDA,BW Gottschee Academy U-18/19 Boys USDA
Vancouver Whitecaps FC U-15 Boys USDA,Real So Cal U-15 Boys USDA
San Francisco Glens Evolution U-12 Boys USDA,De Anza Force U-12 Boys USDA
Vancouver Whitecaps FC U-16/17 Boys USDA,Real So Cal U-16/17 Boys USDA
San Francisco Glens Evolution U-12 Boys USDA,De Anza Force U-12 Boys USDA
Vancouver Whitecaps FC U-18/19 Boys USDA,Real So Cal U-18/19 Boys USDA
Vancouver Whitecaps FC U-15 Boys USDA,Arsenal FC U-15 Boys USDA
Vancouver Whitecaps FC U-16/17 Boys USDA,Arsenal FC U-16/17 Boys USDA
Vancouver Whitecaps FC U-18/19 Boys USDA,Arsenal FC U-18/19 Boys USDA
San Francisco Glens Evolution U-12 Boys USDA,EBU Bay Oaks U-12 Boys USDA
San Francisco Glens Evolution U-12 Boys USDA,EBU Bay Oaks U-12 Boys USDA
Montreal Impact FC U-18/19 Boys USDA,Sporting Kansas City U-18/19 Boys USDA
Vancouver Whitecaps FC U-16/17 Boys USDA,Weston FC U-16/17 Boys USDA
Montreal Impact FC U-16/17 Boys USDA,Real Salt Lake U-16/17 Boys USDA
Toronto FC Academy U-18/19 Boys USDA,Colorado Rapids U-18/19 Boys USDA
Vancouver Whitecaps FC U-18/19 Boys USDA,New York Red Bulls U-18/19 Boys USDA
Toronto FC Academy U-16/17 Boys USDA,Orlando City SC U-16/17 Boys USDA
Vancouver Whitecaps FC U-16/17 Boys USDA,New York Red Bulls U-16/17 Boys USDA
Montreal Impact FC U-16/17 Boys USDA,San Diego Surf U-16/17 Boys USDA